"station","species","date","hour"
"C1-2","Bassariscus sumichrasti","1/12/2015","9:28:22"
"C1-2","Bassariscus sumichrasti","1/16/2015","9:07:45"
"C1-2","Bassariscus sumichrasti","1/17/2015","10:30:15"
"C1-2","Bassariscus sumichrasti","3/1/2016","18:26:57"
"C1-2","Bassariscus sumichrasti","10/23/2016","3:35:26"
"C17-18","Bassariscus sumichrasti","6/14/2014","0:02:18"
"C17-18","Bassariscus sumichrasti","8/2/2014","18:29:15"
"C17-18","Bassariscus sumichrasti","8/17/2014","2:15:13"
"C17-18","Bassariscus sumichrasti","9/10/2014","19:28:50"
"C19-20","Bassariscus sumichrasti","2/26/2019","0:50:25"
"C19-20","Bassariscus sumichrasti","2/28/2019","1:01:53"
"C3-4","Bassariscus sumichrasti","12/11/2016","4:53:21"
"C3-4","Bassariscus sumichrasti","12/15/2016","22:04:41"
"C3-4","Bassariscus sumichrasti","12/25/2016","19:31:08"
"C3-4","Bassariscus sumichrasti","12/27/2016","17:41:07"
"C3-4","Bassariscus sumichrasti","12/31/2016","4:30:26"
"C3-4","Bassariscus sumichrasti","1/27/2017","23:52:24"
"C5-6","Bassariscus sumichrasti","7/30/2012","4:14:24"
"VM15","Bassariscus sumichrasti","9/23/2014","2:15:13"
"VM15","Bassariscus sumichrasti","10/3/2014","1:54:35"
"VM15","Bassariscus sumichrasti","11/30/2014","0:55:00"
"VM15","Bassariscus sumichrasti","2/13/2015","19:56:20"
"VM15","Bassariscus sumichrasti","2/16/2015","0:04:35"
"C1-2","Canis familiaris","6/11/2019","10:07:20"
"C9-10","Canis familiaris","12/31/2016","10:44:00"
"C11-12","Canis familiaris","5/6/2016","5:34:36"
"VM13","Canis familiaris","12/17/2016","14:55:20"
"A1-2","Canis latrans","2/4/2013","5:34:36"
"Emily","Canis latrans","6/9/2016","8:25:51"
"A11-12","Canis latrans","1/15/2014","1:17:55"
"A11-12","Canis latrans","1/29/2014","4:30:26"
"A11-12","Canis latrans","2/20/2014","3:26:16"
"A11-12","Canis latrans","3/3/2014","3:26:16"
"A11-12","Canis latrans","3/6/2014","2:42:43"
"A11-12","Canis latrans","3/27/2014","2:10:38"
"A13-14","Canis latrans","1/21/2014","13:08:23"
"A15-16","Canis latrans","7/20/2012","2:58:46"
"A17-18","Canis latrans","3/26/2013","6:08:59"
"A17-18","Canis latrans","4/10/2013","5:32:19"
"A17-18","Canis latrans","1/23/2014","1:29:23"
"A17-18","Canis latrans","1/11/2015","4:02:56"
"A5-6","Canis latrans","7/29/2012","19:17:22"
"A7-8","Canis latrans","1/15/2014","1:17:55"
"A7-8","Canis latrans","1/21/2014","2:33:33"
"A7-8","Canis latrans","11/11/2014","4:30:26"
"A7-8","Canis latrans","11/21/2014","4:53:21"
"A7-8","Canis latrans","1/3/2015","23:11:08"
"C1-2","Canis latrans","3/9/2014","10:13:09"
"C1-2","Canis latrans","6/25/2019","18:22:22"
"C1-2","Canis latrans","6/27/2019","6:43:22"
"C1-2R","Canis latrans","8/11/2014","1:59:11"
"C9-10","Canis latrans","11/18/2016","11:29:50"
"C9-10","Canis latrans","5/18/2017","8:05:52"
"C11-12","Canis latrans","4/28/2014","23:06:33"
"C11-12","Canis latrans","5/1/2014","0:52:43"
"C11-12","Canis latrans","5/20/2014","18:13:12"
"C11-12","Canis latrans","6/6/2014","20:37:35"
"C11-12","Canis latrans","6/11/2014","17:27:22"
"C11-12","Canis latrans","6/14/2014","15:09:51"
"C11-12","Canis latrans","6/18/2014","17:04:27"
"C11-12","Canis latrans","6/28/2014","2:49:36"
"C11-12","Canis latrans","7/17/2014","7:33:47"
"C11-12","Canis latrans","7/27/2014","16:41:32"
"C11-12","Canis latrans","9/8/2014","16:59:52"
"C11-12","Canis latrans","9/12/2014","2:51:53"
"C11-12","Canis latrans","9/28/2014","10:16:30"
"C11-12","Canis latrans","10/15/2014","0:59:35"
"C11-12","Canis latrans","10/18/2014","23:38:39"
"C11-12","Canis latrans","10/21/2014","22:16:08"
"C11-12","Canis latrans","10/23/2014","18:59:02"
"C11-12","Canis latrans","10/26/2014","1:40:50"
"C11-12","Canis latrans","10/27/2014","18:01:45"
"C11-12","Canis latrans","11/13/2014","4:25:51"
"C11-12","Canis latrans","11/21/2014","19:01:20"
"C11-12","Canis latrans","12/6/2014","1:59:11"
"C11-12","Canis latrans","12/15/2014","23:11:08"
"C11-12","Canis latrans","1/2/2015","21:09:40"
"C11-12","Canis latrans","1/8/2015","1:52:18"
"C11-12","Canis latrans","2/3/2015","4:09:49"
"C11-12","Canis latrans","2/8/2015","4:41:54"
"C11-12","Canis latrans","2/28/2015","23:36:21"
"C11-12","Canis latrans","6/15/2015","23:13:26"
"C11-12","Canis latrans","6/26/2015","18:20:05"
"C11-12","Canis latrans","10/10/2015","0:27:30"
"C11-12","Canis latrans","10/15/2015","8:56:17"
"C11-12","Canis latrans","10/16/2015","17:43:25"
"C11-12","Canis latrans","10/21/2015","15:00:41"
"C11-12","Canis latrans","10/30/2015","15:37:22"
"C11-12","Canis latrans","11/3/2015","19:01:20"
"C11-12","Canis latrans","11/6/2015","3:53:46"
"C11-12","Canis latrans","11/7/2015","17:38:50"
"C11-12","Canis latrans","11/12/2015","14:33:11"
"C11-12","Canis latrans","11/15/2015","0:50:25"
"C11-12","Canis latrans","11/28/2015","0:29:48"
"C11-12","Canis latrans","12/2/2015","9:58:10"
"C11-12","Canis latrans","12/6/2015","12:45:28"
"C11-12","Canis latrans","12/13/2015","5:23:09"
"C11-12","Canis latrans","12/14/2015","18:26:57"
"C11-12","Canis latrans","12/27/2015","18:52:10"
"C11-12","Canis latrans","4/16/2016","20:16:58"
"C11-12","Canis latrans","5/8/2016","18:45:17"
"C11-12","Canis latrans","5/19/2016","18:38:25"
"C11-12","Canis latrans","5/23/2016","22:43:38"
"C11-12","Canis latrans","6/21/2016","9:51:18"
"C11-12","Canis latrans","7/13/2016","7:08:34"
"C11-12","Canis latrans","7/15/2016","14:05:41"
"C11-12","Canis latrans","7/21/2016","7:52:07"
"C11-12","Canis latrans","7/22/2016","18:24:40"
"C11-12","Canis latrans","8/8/2016","5:13:59"
"C11-12","Canis latrans","10/31/2016","7:13:09"
"C11-12","Canis latrans","5/2/2017","4:05:14"
"C11-12","Canis latrans","8/3/2017","18:45:17"
"C11-12","Canis latrans","8/8/2017","15:51:07"
"C13-14","Canis latrans","8/27/2014","19:26:33"
"C13-14","Canis latrans","9/5/2014","0:09:10"
"C13-14","Canis latrans","9/12/2014","2:03:46"
"C13-14","Canis latrans","9/13/2014","2:40:26"
"C13-14","Canis latrans","9/27/2014","2:17:31"
"C13-14","Canis latrans","9/28/2014","21:09:40"
"C13-14","Canis latrans","10/5/2014","23:50:06"
"C13-14","Canis latrans","10/7/2014","1:31:40"
"C13-14","Canis latrans","10/9/2014","1:33:58"
"C13-14","Canis latrans","10/13/2014","20:00:55"
"C13-14","Canis latrans","10/16/2014","1:15:38"
"C13-14","Canis latrans","10/21/2014","17:38:50"
"C13-14","Canis latrans","12/14/2015","19:26:33"
"C13-14","Canis latrans","12/25/2015","0:00:00"
"C13-14","Canis latrans","1/14/2016","20:28:25"
"C13-14","Canis latrans","1/16/2016","19:12:47"
"C13-14","Canis latrans","1/19/2016","22:34:28"
"C13-14","Canis latrans","1/28/2016","21:46:21"
"C13-14","Canis latrans","1/31/2016","1:52:18"
"C13-14","Canis latrans","2/3/2016","2:40:26"
"C13-14","Canis latrans","2/5/2016","23:15:44"
"C13-14","Canis latrans","2/7/2016","2:56:28"
"C13-14","Canis latrans","4/3/2016","4:28:09"
"C13-14","Canis latrans","12/7/2016","19:24:15"
"C15-16","Canis latrans","5/1/2014","16:36:57"
"C15-16","Canis latrans","7/14/2014","10:39:25"
"C15-16","Canis latrans","7/24/2016","1:01:53"
"C15-16","Canis latrans","8/22/2016","22:00:06"
"C15-16","Canis latrans","9/14/2016","16:39:14"
"C15-16","Canis latrans","9/26/2016","19:17:22"
"C15-16","Canis latrans","10/23/2016","22:29:53"
"C15-16","Canis latrans","11/30/2016","10:27:58"
"C17-18","Canis latrans","1/3/2010","18:44:17"
"C17-18","Canis latrans","2/5/2010","13:32:09"
"C17-18","Canis latrans","5/1/2014","16:18:37"
"C17-18","Canis latrans","7/14/2014","2:28:58"
"C17-18","Canis latrans","3/15/2016","15:39:39"
"C17-18","Canis latrans","5/19/2016","5:30:01"
"C17-18","Canis latrans","5/27/2016","9:21:30"
"C17-18","Canis latrans","6/21/2016","11:45:53"
"C17-18","Canis latrans","7/2/2016","19:10:30"
"C17-18","Canis latrans","7/3/2016","19:44:53"
"C17-18","Canis latrans","7/9/2016","1:06:28"
"C17-18","Canis latrans","7/24/2016","2:10:38"
"C19-20","Canis latrans","11/29/2016","6:29:37"
"C19-20","Canis latrans","12/21/2016","20:33:00"
"C19-20","Canis latrans","1/17/2017","10:02:45"
"C19-20","Canis latrans","1/7/2019","1:13:20"
"C19-20","Canis latrans","1/9/2019","9:46:43"
"C19-20","Canis latrans","3/31/2019","10:25:40"
"C19-20","Canis latrans","4/10/2019","22:36:46"
"C3-4R","Canis latrans","1/20/2013","0:22:55"
"C5-6","Canis latrans","6/8/2014","21:14:15"
"C7-8","Canis latrans","5/18/2017","17:06:44"
"C7-8","Canis latrans","5/22/2017","23:29:29"
"C7-8","Canis latrans","5/28/2017","6:52:32"
"C7-8","Canis latrans","5/31/2017","21:32:36"
"C7-8","Canis latrans","6/2/2017","5:27:44"
"C9-10R","Canis latrans","2/12/2014","20:30:43"
"Molina","Canis latrans","1/24/2015","4:05:14"
"Molina","Canis latrans","2/5/2015","23:22:36"
"Molina","Canis latrans","2/13/2015","4:09:49"
"Molina","Canis latrans","2/15/2015","22:16:08"
"Molina","Canis latrans","2/18/2015","5:16:16"
"Molina","Canis latrans","2/26/2015","19:58:38"
"Molina","Canis latrans","2/28/2015","21:53:13"
"VM14","Canis latrans","6/5/2014","10:25:40"
"VM14","Canis latrans","9/3/2014","5:09:24"
"VM14","Canis latrans","11/10/2014","17:34:15"
"VM15","Canis latrans","6/5/2014","10:16:30"
"A7-8","Cebus capucinus","11/6/2012","12:29:26"
"A1-2","Coendou mexicanus","3/8/2013","1:52:18"
"Emily","Coendou mexicanus","7/11/2016","3:05:41"
"Emily","Coendou mexicanus","7/22/2016","23:15:44"
"A11-12","Coendou mexicanus","8/3/2012","19:47:10"
"A13-14","Coendou mexicanus","7/9/2012","4:00:39"
"A13-14","Coendou mexicanus","7/16/2012","4:44:11"
"A13-14","Coendou mexicanus","7/24/2012","0:29:48"
"A13-14","Coendou mexicanus","8/3/2012","20:51:20"
"C3-4R","Coendou mexicanus","6/27/2012","21:50:56"
"A1-2","Conepatus semistriatus","7/12/2013","23:18:01"
"A1-2","Conepatus semistriatus","8/28/2013","5:04:49"
"A11-12","Conepatus semistriatus","7/19/2012","0:29:48"
"A11-12","Conepatus semistriatus","9/11/2013","2:51:53"
"A11-12","Conepatus semistriatus","2/16/2014","1:52:18"
"A13-14","Conepatus semistriatus","2/21/2014","17:57:10"
"A17-18","Conepatus semistriatus","9/18/2012","19:56:20"
"A17-18","Conepatus semistriatus","4/19/2013","23:40:56"
"A17-18","Conepatus semistriatus","4/26/2013","1:47:43"
"A17-18","Conepatus semistriatus","5/2/2013","22:32:11"
"A17-18","Conepatus semistriatus","8/28/2013","5:04:49"
"A17-18","Conepatus semistriatus","10/27/2014","11:22:58"
"A17-18","Conepatus semistriatus","3/5/2015","19:35:43"
"A5-6","Conepatus semistriatus","2/5/2014","23:15:44"
"A5-6","Conepatus semistriatus","3/4/2014","18:40:42"
"A5-6","Conepatus semistriatus","3/17/2014","3:51:28"
"A7-8","Conepatus semistriatus","1/24/2014","18:22:22"
"A7-8","Conepatus semistriatus","1/26/2014","4:14:24"
"A7-8","Conepatus semistriatus","1/23/2015","4:12:06"
"C1-2","Conepatus semistriatus","4/23/2019","22:59:41"
"C1-2","Conepatus semistriatus","4/28/2019","19:05:55"
"C1-2","Conepatus semistriatus","5/4/2019","3:03:21"
"C1-2R","Conepatus semistriatus","11/22/2012","3:46:53"
"C1-2R","Conepatus semistriatus","11/23/2012","22:50:31"
"C1-2R","Conepatus semistriatus","6/19/2014","20:39:53"
"C17-18","Conepatus semistriatus","4/22/2014","2:40:26"
"C17-18","Conepatus semistriatus","4/23/2014","21:14:15"
"C17-18","Conepatus semistriatus","7/4/2014","19:17:22"
"C17-18","Conepatus semistriatus","7/23/2014","23:27:11"
"C17-18","Conepatus semistriatus","9/15/2014","1:29:23"
"C17-18","Conepatus semistriatus","4/3/2016","2:12:56"
"C3-4R","Conepatus semistriatus","9/20/2012","1:38:33"
"C3-4R","Conepatus semistriatus","10/19/2012","4:48:46"
"C3-4R","Conepatus semistriatus","5/10/2013","0:38:58"
"C3-4R","Conepatus semistriatus","5/16/2013","0:11:28"
"C3-4R","Conepatus semistriatus","5/25/2013","1:24:48"
"C3-4R","Conepatus semistriatus","6/7/2013","23:24:54"
"C3-4R","Conepatus semistriatus","7/2/2013","22:57:23"
"C3-4R","Conepatus semistriatus","4/29/2014","18:54:27"
"C3-4","Conepatus semistriatus","11/14/2016","0:29:48"
"C5-6","Conepatus semistriatus","1/18/2013","23:54:41"
"Molina","Conepatus semistriatus","10/14/2013","2:33:33"
"VM14","Conepatus semistriatus","9/27/2014","21:50:56"
"A13-14","Cuniculus paca","11/14/2012","20:35:18"
"A17-18","Cuniculus paca","8/30/2014","2:47:18"
"A17-18","Cuniculus paca","9/22/2014","17:43:25"
"A17-18","Cuniculus paca","9/24/2014","2:51:53"
"A17-18","Cuniculus paca","11/16/2014","19:58:38"
"A17-18","Cuniculus paca","12/13/2014","19:01:20"
"A17-18","Cuniculus paca","12/15/2014","23:59:16"
"A17-18","Cuniculus paca","12/18/2014","20:37:35"
"A17-18","Cuniculus paca","12/19/2014","23:06:33"
"A17-18","Cuniculus paca","12/21/2014","0:48:08"
"A17-18","Cuniculus paca","1/6/2015","18:08:37"
"A5-6","Cuniculus paca","2/16/2014","19:01:20"
"A7-8","Cuniculus paca","8/26/2015","20:07:48"
"A7-8","Cuniculus paca","9/4/2015","18:10:55"
"A9-10","Cuniculus paca","7/20/2012","1:52:18"
"A9-10","Cuniculus paca","9/11/2012","22:32:11"
"A9-10","Cuniculus paca","12/20/2012","2:38:08"
"A9-10","Cuniculus paca","12/23/2012","2:22:06"
"C15-16","Cuniculus paca","8/4/2016","0:48:08"
"C15-16","Cuniculus paca","8/19/2016","3:12:31"
"C15-16","Cuniculus paca","8/28/2016","19:05:55"
"C15-16","Cuniculus paca","10/4/2016","2:42:43"
"C15-16","Cuniculus paca","10/9/2016","2:35:51"
"C15-16","Cuniculus paca","10/16/2016","3:35:26"
"C15-16","Cuniculus paca","10/20/2016","23:59:16"
"C15-16","Cuniculus paca","11/10/2016","2:49:36"
"C15-16","Cuniculus paca","11/23/2016","21:55:31"
"C15-16","Cuniculus paca","11/26/2016","20:28:25"
"C15-16","Cuniculus paca","11/30/2016","1:17:55"
"C17-18","Cuniculus paca","8/3/2014","23:43:14"
"C17-18","Cuniculus paca","8/27/2014","2:12:56"
"C3-4R","Cuniculus paca","6/29/2013","20:46:45"
"C3-4R","Cuniculus paca","7/6/2013","0:02:18"
"C3-4R","Cuniculus paca","10/7/2013","21:57:48"
"Molina","Cuniculus paca","8/6/2013","2:08:21"
"Molina","Cuniculus paca","8/8/2013","3:56:04"
"Molina","Cuniculus paca","8/10/2013","3:44:36"
"A1-2","Dasyprocta punctata","7/16/2012","7:13:09"
"A1-2","Dasyprocta punctata","7/28/2012","7:38:22"
"A1-2","Dasyprocta punctata","7/30/2012","9:23:47"
"A1-2","Dasyprocta punctata","8/27/2012","13:10:41"
"A1-2","Dasyprocta punctata","9/1/2012","10:14:13"
"A1-2","Dasyprocta punctata","9/7/2012","10:41:43"
"A1-2","Dasyprocta punctata","9/9/2012","13:51:56"
"A1-2","Dasyprocta punctata","9/16/2012","10:41:43"
"A1-2","Dasyprocta punctata","7/15/2013","16:52:59"
"A1-2","Dasyprocta punctata","7/16/2013","17:09:02"
"A1-2","Dasyprocta punctata","8/29/2013","8:42:32"
"A1-2","Dasyprocta punctata","9/8/2013","11:29:50"
"A1-2","Dasyprocta punctata","9/12/2013","9:30:40"
"A1-2","Dasyprocta punctata","9/13/2013","11:43:36"
"A1-2","Dasyprocta punctata","9/21/2013","11:29:50"
"A1-2","Dasyprocta punctata","10/11/2013","12:31:43"
"A1-2","Dasyprocta punctata","1/6/2014","8:12:45"
"A1-2","Dasyprocta punctata","3/9/2014","12:29:26"
"A1-2","Dasyprocta punctata","3/12/2014","7:03:59"
"A1-2","Dasyprocta punctata","3/14/2014","7:47:32"
"A1-2","Dasyprocta punctata","3/16/2014","5:39:11"
"A1-2","Dasyprocta punctata","3/17/2014","6:18:09"
"A1-2","Dasyprocta punctata","3/31/2014","7:26:54"
"A1-2","Dasyprocta punctata","4/2/2014","5:27:44"
"A1-2","Dasyprocta punctata","4/5/2014","5:46:04"
"A1-2","Dasyprocta punctata","4/7/2014","5:36:54"
"A1-2","Dasyprocta punctata","12/25/2014","6:31:54"
"A1-2","Dasyprocta punctata","1/13/2015","6:31:54"
"A1-2","Dasyprocta punctata","1/14/2015","15:35:04"
"Emily","Dasyprocta punctata","8/27/2012","13:10:41"
"Emily","Dasyprocta punctata","9/1/2012","10:14:13"
"Emily","Dasyprocta punctata","9/7/2012","10:41:43"
"Emily","Dasyprocta punctata","9/9/2012","13:51:56"
"Emily","Dasyprocta punctata","9/16/2012","10:41:43"
"A11-12","Dasyprocta punctata","7/4/2012","12:15:41"
"A11-12","Dasyprocta punctata","7/10/2012","12:08:48"
"A11-12","Dasyprocta punctata","7/23/2012","13:58:49"
"A11-12","Dasyprocta punctata","7/26/2012","14:28:36"
"A11-12","Dasyprocta punctata","7/27/2012","15:25:54"
"A11-12","Dasyprocta punctata","7/30/2012","6:18:09"
"A11-12","Dasyprocta punctata","8/2/2012","6:27:19"
"A11-12","Dasyprocta punctata","8/3/2012","15:37:22"
"A11-12","Dasyprocta punctata","8/6/2012","15:14:26"
"A11-12","Dasyprocta punctata","8/8/2012","7:06:17"
"A11-12","Dasyprocta punctata","9/17/2012","13:40:29"
"A11-12","Dasyprocta punctata","9/19/2012","11:34:25"
"A11-12","Dasyprocta punctata","9/21/2012","10:14:13"
"A11-12","Dasyprocta punctata","9/25/2012","5:04:49"
"A11-12","Dasyprocta punctata","9/29/2012","12:04:13"
"A11-12","Dasyprocta punctata","9/7/2013","14:46:56"
"A11-12","Dasyprocta punctata","9/10/2013","6:08:59"
"A11-12","Dasyprocta punctata","9/27/2013","16:46:07"
"A11-12","Dasyprocta punctata","10/1/2013","5:18:34"
"A11-12","Dasyprocta punctata","10/3/2013","5:18:34"
"A11-12","Dasyprocta punctata","10/4/2013","16:36:57"
"A11-12","Dasyprocta punctata","10/9/2013","6:02:07"
"A11-12","Dasyprocta punctata","10/14/2013","8:35:40"
"A11-12","Dasyprocta punctata","10/17/2013","5:13:59"
"A11-12","Dasyprocta punctata","10/19/2013","11:59:38"
"A11-12","Dasyprocta punctata","10/23/2013","12:29:26"
"A11-12","Dasyprocta punctata","10/24/2013","14:56:06"
"A11-12","Dasyprocta punctata","10/28/2013","15:44:14"
"A11-12","Dasyprocta punctata","10/31/2013","11:57:21"
"A11-12","Dasyprocta punctata","1/7/2014","8:58:35"
"A13-14","Dasyprocta punctata","7/6/2012","6:18:09"
"A13-14","Dasyprocta punctata","7/7/2012","6:41:04"
"A13-14","Dasyprocta punctata","7/9/2012","7:40:39"
"A13-14","Dasyprocta punctata","7/10/2012","14:30:54"
"A13-14","Dasyprocta punctata","7/15/2012","10:48:35"
"A13-14","Dasyprocta punctata","7/23/2012","7:33:47"
"A13-14","Dasyprocta punctata","7/24/2012","11:34:25"
"A13-14","Dasyprocta punctata","7/30/2012","16:11:44"
"A13-14","Dasyprocta punctata","8/1/2012","15:44:14"
"A13-14","Dasyprocta punctata","8/29/2012","12:36:18"
"A13-14","Dasyprocta punctata","9/21/2012","7:10:52"
"A13-14","Dasyprocta punctata","11/23/2012","9:05:27"
"A13-14","Dasyprocta punctata","4/7/2013","16:48:24"
"A13-14","Dasyprocta punctata","3/1/2014","6:18:09"
"A13-14","Dasyprocta punctata","3/6/2014","13:54:14"
"A13-14","Dasyprocta punctata","11/22/2014","18:36:07"
"A17-18","Dasyprocta punctata","7/6/2012","6:08:59"
"A17-18","Dasyprocta punctata","7/10/2012","11:00:03"
"A17-18","Dasyprocta punctata","7/16/2012","5:59:49"
"A17-18","Dasyprocta punctata","7/29/2012","7:54:25"
"A17-18","Dasyprocta punctata","8/5/2012","17:31:57"
"A17-18","Dasyprocta punctata","9/4/2012","7:08:34"
"A17-18","Dasyprocta punctata","9/7/2012","6:06:42"
"A17-18","Dasyprocta punctata","2/27/2013","9:37:32"
"A17-18","Dasyprocta punctata","4/16/2013","16:52:59"
"A17-18","Dasyprocta punctata","4/19/2013","7:52:07"
"A17-18","Dasyprocta punctata","5/2/2013","17:34:15"
"A17-18","Dasyprocta punctata","5/10/2013","6:45:39"
"A17-18","Dasyprocta punctata","5/13/2013","6:27:19"
"A17-18","Dasyprocta punctata","5/17/2013","0:38:58"
"A17-18","Dasyprocta punctata","5/28/2013","10:25:40"
"A17-18","Dasyprocta punctata","5/30/2013","10:18:48"
"A17-18","Dasyprocta punctata","6/2/2013","7:38:22"
"A17-18","Dasyprocta punctata","6/4/2013","13:47:21"
"A17-18","Dasyprocta punctata","6/7/2013","6:15:52"
"A17-18","Dasyprocta punctata","7/18/2013","8:37:57"
"A17-18","Dasyprocta punctata","7/27/2013","15:07:34"
"A17-18","Dasyprocta punctata","8/1/2013","6:57:07"
"A17-18","Dasyprocta punctata","8/5/2013","8:19:37"
"A17-18","Dasyprocta punctata","8/7/2013","8:40:15"
"A17-18","Dasyprocta punctata","8/31/2013","7:22:19"
"A17-18","Dasyprocta punctata","9/6/2013","16:48:24"
"A17-18","Dasyprocta punctata","9/8/2013","8:01:17"
"A17-18","Dasyprocta punctata","10/19/2013","9:07:45"
"A17-18","Dasyprocta punctata","10/20/2013","14:30:54"
"A17-18","Dasyprocta punctata","10/24/2013","6:04:24"
"A17-18","Dasyprocta punctata","1/6/2014","8:12:45"
"A17-18","Dasyprocta punctata","1/8/2014","15:48:49"
"A17-18","Dasyprocta punctata","2/11/2014","5:34:36"
"A17-18","Dasyprocta punctata","3/27/2014","17:27:22"
"A17-18","Dasyprocta punctata","4/15/2014","11:52:46"
"A17-18","Dasyprocta punctata","9/6/2014","15:51:07"
"A17-18","Dasyprocta punctata","9/12/2014","6:31:54"
"A17-18","Dasyprocta punctata","9/17/2014","9:30:40"
"A17-18","Dasyprocta punctata","9/23/2014","15:25:54"
"A17-18","Dasyprocta punctata","9/29/2014","4:12:06"
"A17-18","Dasyprocta punctata","10/3/2014","13:42:46"
"A17-18","Dasyprocta punctata","10/9/2014","16:32:22"
"A17-18","Dasyprocta punctata","10/13/2014","9:07:45"
"A17-18","Dasyprocta punctata","10/14/2014","16:36:57"
"A17-18","Dasyprocta punctata","10/19/2014","4:05:14"
"A17-18","Dasyprocta punctata","10/22/2014","5:48:22"
"A17-18","Dasyprocta punctata","10/26/2014","5:20:51"
"A17-18","Dasyprocta punctata","10/28/2014","4:18:59"
"A17-18","Dasyprocta punctata","10/30/2014","4:09:49"
"A17-18","Dasyprocta punctata","11/4/2014","4:14:24"
"A17-18","Dasyprocta punctata","11/5/2014","4:57:56"
"A17-18","Dasyprocta punctata","11/11/2014","4:28:09"
"A17-18","Dasyprocta punctata","11/13/2014","4:14:24"
"A17-18","Dasyprocta punctata","11/15/2014","4:32:44"
"A17-18","Dasyprocta punctata","11/17/2014","6:54:49"
"A17-18","Dasyprocta punctata","11/19/2014","5:18:34"
"A17-18","Dasyprocta punctata","11/21/2014","4:53:21"
"A17-18","Dasyprocta punctata","11/22/2014","14:05:41"
"A17-18","Dasyprocta punctata","11/24/2014","5:00:14"
"A17-18","Dasyprocta punctata","12/16/2014","5:41:29"
"A17-18","Dasyprocta punctata","12/17/2014","11:27:33"
"A17-18","Dasyprocta punctata","12/19/2014","4:51:04"
"A17-18","Dasyprocta punctata","12/22/2014","16:20:54"
"A17-18","Dasyprocta punctata","12/28/2014","11:16:05"
"A17-18","Dasyprocta punctata","12/29/2014","14:05:41"
"A17-18","Dasyprocta punctata","1/2/2015","12:17:58"
"A17-18","Dasyprocta punctata","1/7/2015","5:36:54"
"A17-18","Dasyprocta punctata","1/8/2015","9:49:00"
"A17-18","Dasyprocta punctata","1/14/2015","15:07:34"
"A17-18","Dasyprocta punctata","1/22/2015","5:18:34"
"A17-18","Dasyprocta punctata","2/8/2015","15:16:44"
"A17-18","Dasyprocta punctata","2/15/2015","7:59:00"
"A17-18","Dasyprocta punctata","2/26/2015","16:52:59"
"A17-18","Dasyprocta punctata","9/10/2015","2:22:06"
"A17-18","Dasyprocta punctata","9/18/2015","1:59:11"
"A17-18","Dasyprocta punctata","9/20/2015","7:24:37"
"A17-18","Dasyprocta punctata","9/22/2015","11:25:15"
"A17-18","Dasyprocta punctata","9/28/2015","2:35:51"
"A17-18","Dasyprocta punctata","10/2/2015","1:38:33"
"A17-18","Dasyprocta punctata","10/3/2015","9:37:32"
"A5-6","Dasyprocta punctata","7/6/2012","6:15:52"
"A5-6","Dasyprocta punctata","8/9/2012","10:09:38"
"A5-6","Dasyprocta punctata","1/8/2014","15:48:49"
"A5-6","Dasyprocta punctata","2/5/2014","11:09:13"
"A5-6","Dasyprocta punctata","2/9/2014","15:51:07"
"A5-6","Dasyprocta punctata","2/13/2014","16:27:47"
"A5-6","Dasyprocta punctata","2/26/2014","16:34:39"
"A5-6","Dasyprocta punctata","3/5/2014","5:43:46"
"A5-6","Dasyprocta punctata","3/6/2014","6:18:09"
"A5-6","Dasyprocta punctata","3/21/2014","5:27:44"
"A5-6","Dasyprocta punctata","3/27/2014","5:11:41"
"A5-6","Dasyprocta punctata","4/7/2014","5:18:34"
"A5-6","Dasyprocta punctata","4/17/2014","8:40:15"
"A7-8","Dasyprocta punctata","4/7/2013","16:48:24"
"A7-8","Dasyprocta punctata","2/18/2015","16:55:17"
"A7-8","Dasyprocta punctata","8/15/2015","4:35:01"
"A9-10","Dasyprocta punctata","7/5/2012","6:02:07"
"A9-10","Dasyprocta punctata","7/11/2012","16:09:27"
"A9-10","Dasyprocta punctata","7/14/2012","7:22:19"
"A9-10","Dasyprocta punctata","7/18/2012","5:52:57"
"A9-10","Dasyprocta punctata","7/21/2012","5:55:14"
"A9-10","Dasyprocta punctata","9/10/2012","13:56:31"
"Molina","Dasyprocta punctata","8/9/2013","8:28:47"
"Molina","Dasyprocta punctata","8/16/2013","7:54:25"
"Molina","Dasyprocta punctata","8/18/2013","8:03:35"
"Molina","Dasyprocta punctata","8/20/2013","7:40:39"
"Molina","Dasyprocta punctata","8/29/2013","7:17:44"
"Molina","Dasyprocta punctata","8/30/2013","10:57:45"
"Molina","Dasyprocta punctata","9/24/2013","10:53:10"
"Molina","Dasyprocta punctata","9/25/2013","15:05:16"
"Molina","Dasyprocta punctata","9/27/2013","8:28:47"
"Molina","Dasyprocta punctata","10/1/2013","7:26:54"
"Molina","Dasyprocta punctata","10/3/2013","7:54:25"
"Molina","Dasyprocta punctata","10/7/2013","8:49:25"
"Molina","Dasyprocta punctata","10/9/2013","5:39:11"
"Molina","Dasyprocta punctata","11/16/2013","6:02:07"
"Molina","Dasyprocta punctata","11/21/2013","9:44:25"
"Molina","Dasyprocta punctata","11/23/2013","14:26:19"
"Molina","Dasyprocta punctata","11/29/2013","14:14:51"
"Molina","Dasyprocta punctata","12/17/2013","8:42:32"
"A1-2","Dasypus novemcitus","9/12/2013","4:28:09"
"A1-2","Dasypus novemcitus","10/5/2014","3:30:51"
"Emily","Dasypus novemcitus","8/26/2012","2:22:06"
"Emily","Dasypus novemcitus","9/11/2012","23:40:56"
"Emily","Dasypus novemcitus","9/13/2012","23:31:46"
"A11-12","Dasypus novemcitus","7/11/2012","19:15:05"
"A11-12","Dasypus novemcitus","7/14/2012","19:49:28"
"A11-12","Dasypus novemcitus","7/19/2012","0:29:48"
"A11-12","Dasypus novemcitus","7/22/2012","0:36:40"
"A13-14","Dasypus novemcitus","3/11/2014","2:58:46"
"A15-16","Dasypus novemcitus","8/7/2012","4:55:39"
"A17-18","Dasypus novemcitus","7/7/2012","19:01:20"
"A17-18","Dasypus novemcitus","7/14/2012","2:49:36"
"A17-18","Dasypus novemcitus","8/6/2012","20:35:18"
"A17-18","Dasypus novemcitus","7/4/2013","21:14:15"
"A17-18","Dasypus novemcitus","9/10/2014","22:41:21"
"A17-18","Dasypus novemcitus","9/25/2014","1:36:15"
"A17-18","Dasypus novemcitus","10/3/2014","0:55:00"
"A17-18","Dasypus novemcitus","10/19/2014","3:03:21"
"A17-18","Dasypus novemcitus","10/30/2014","2:56:28"
"A17-18","Dasypus novemcitus","12/16/2014","2:08:21"
"A17-18","Dasypus novemcitus","12/18/2014","2:42:43"
"A17-18","Dasypus novemcitus","8/23/2015","19:17:22"
"A7-8","Dasypus novemcitus","7/14/2012","0:32:05"
"A7-8","Dasypus novemcitus","2/18/2015","23:27:11"
"A7-8","Dasypus novemcitus","8/22/2015","23:38:39"
"C9-10R","Dasypus novemcitus","3/13/2014","17:34:15"
"Molina","Dasypus novemcitus","4/2/2014","19:31:08"
"A1-2","Didelphis marsupialis","12/25/2012","0:36:40"
"A1-2","Didelphis marsupialis","2/22/2013","21:18:51"
"A1-2","Didelphis marsupialis","2/25/2013","20:33:00"
"A1-2","Didelphis marsupialis","3/4/2013","21:44:03"
"A1-2","Didelphis marsupialis","3/8/2013","1:52:18"
"A1-2","Didelphis marsupialis","7/5/2013","20:46:45"
"A1-2","Didelphis marsupialis","7/11/2013","4:32:44"
"A1-2","Didelphis marsupialis","7/13/2013","1:04:10"
"A1-2","Didelphis marsupialis","8/23/2013","23:40:56"
"A1-2","Didelphis marsupialis","3/15/2014","22:45:56"
"A1-2","Didelphis marsupialis","3/27/2014","4:44:11"
"A1-2","Didelphis marsupialis","4/1/2014","0:27:30"
"Emily","Didelphis marsupialis","8/25/2012","0:16:03"
"A11-12","Didelphis marsupialis","7/11/2012","19:15:05"
"A11-12","Didelphis marsupialis","8/8/2012","2:28:58"
"A11-12","Didelphis marsupialis","10/2/2013","19:38:00"
"A11-12","Didelphis marsupialis","10/29/2013","3:14:48"
"A11-12","Didelphis marsupialis","1/10/2014","3:58:21"
"A13-14","Didelphis marsupialis","7/5/2012","3:58:21"
"A13-14","Didelphis marsupialis","7/9/2012","1:04:10"
"A13-14","Didelphis marsupialis","7/16/2012","21:02:48"
"A13-14","Didelphis marsupialis","7/30/2012","20:42:10"
"A13-14","Didelphis marsupialis","12/31/2012","4:46:29"
"A13-14","Didelphis marsupialis","5/11/2013","3:19:23"
"A13-14","Didelphis marsupialis","2/24/2014","2:10:38"
"A13-14","Didelphis marsupialis","2/28/2014","0:57:18"
"A13-14","Didelphis marsupialis","3/5/2014","22:59:41"
"A13-14","Didelphis marsupialis","3/7/2014","3:53:46"
"A13-14","Didelphis marsupialis","3/10/2014","18:33:50"
"A13-14","Didelphis marsupialis","3/15/2014","23:31:46"
"A17-18","Didelphis marsupialis","4/24/2013","1:36:15"
"A17-18","Didelphis marsupialis","8/23/2013","0:45:50"
"A17-18","Didelphis marsupialis","9/4/2013","3:14:48"
"A17-18","Didelphis marsupialis","10/24/2013","22:50:31"
"A17-18","Didelphis marsupialis","1/4/2014","23:13:26"
"A17-18","Didelphis marsupialis","1/6/2014","15:51:07"
"A17-18","Didelphis marsupialis","1/8/2014","2:56:28"
"A17-18","Didelphis marsupialis","1/9/2014","19:56:20"
"A17-18","Didelphis marsupialis","1/13/2014","0:41:15"
"A17-18","Didelphis marsupialis","4/8/2014","2:33:33"
"A17-18","Didelphis marsupialis","4/10/2014","3:17:06"
"A17-18","Didelphis marsupialis","4/15/2014","19:28:50"
"A17-18","Didelphis marsupialis","4/16/2014","22:06:58"
"A17-18","Didelphis marsupialis","4/18/2014","23:15:44"
"A17-18","Didelphis marsupialis","8/14/2014","0:38:58"
"A17-18","Didelphis marsupialis","8/27/2014","21:16:33"
"A17-18","Didelphis marsupialis","8/29/2014","18:31:32"
"A17-18","Didelphis marsupialis","8/31/2014","21:23:26"
"A17-18","Didelphis marsupialis","9/3/2014","1:22:30"
"A17-18","Didelphis marsupialis","9/7/2014","1:01:53"
"A17-18","Didelphis marsupialis","9/13/2014","21:53:13"
"A17-18","Didelphis marsupialis","9/17/2014","21:16:33"
"A17-18","Didelphis marsupialis","9/23/2014","0:36:40"
"A17-18","Didelphis marsupialis","9/25/2014","20:33:00"
"A17-18","Didelphis marsupialis","9/27/2014","21:30:18"
"A17-18","Didelphis marsupialis","9/30/2014","19:35:43"
"A17-18","Didelphis marsupialis","10/9/2014","18:04:02"
"A17-18","Didelphis marsupialis","10/11/2014","1:24:48"
"A17-18","Didelphis marsupialis","10/14/2014","19:49:28"
"A17-18","Didelphis marsupialis","10/16/2014","20:37:35"
"A17-18","Didelphis marsupialis","10/22/2014","22:23:01"
"A17-18","Didelphis marsupialis","10/27/2014","20:33:00"
"A17-18","Didelphis marsupialis","8/26/2015","13:12:58"
"A5-6","Didelphis marsupialis","7/16/2012","4:02:56"
"A5-6","Didelphis marsupialis","7/19/2012","4:21:16"
"A5-6","Didelphis marsupialis","7/23/2012","5:09:24"
"A5-6","Didelphis marsupialis","2/21/2014","0:02:18"
"A5-6","Didelphis marsupialis","2/23/2014","2:42:43"
"A5-6","Didelphis marsupialis","3/2/2014","2:54:11"
"A5-6","Didelphis marsupialis","4/2/2014","20:23:50"
"A7-8","Didelphis marsupialis","7/19/2012","3:37:43"
"A7-8","Didelphis marsupialis","1/16/2013","23:29:29"
"A7-8","Didelphis marsupialis","5/11/2013","3:19:23"
"A7-8","Didelphis marsupialis","2/22/2014","5:00:14"
"A9-10","Didelphis marsupialis","7/15/2012","22:04:41"
"A9-10","Didelphis marsupialis","9/4/2012","0:50:25"
"C11-12","Didelphis marsupialis","5/5/2016","21:34:53"
"C17-18","Didelphis marsupialis","3/4/2016","22:04:41"
"Molina","Didelphis marsupialis","8/14/2013","3:35:26"
"Molina","Didelphis marsupialis","10/10/2013","3:10:13"
"Molina","Didelphis marsupialis","11/20/2013","23:20:19"
"Molina","Didelphis marsupialis","12/5/2013","17:34:15"
"A1-2","Eira barbara","9/4/2012","11:48:11"
"A1-2","Eira barbara","1/5/2013","7:47:32"
"A1-2","Eira barbara","3/7/2013","6:29:37"
"A1-2","Eira barbara","7/13/2013","5:36:54"
"Emily","Eira barbara","9/4/2012","11:48:11"
"A13-14","Eira barbara","1/1/2014","10:00:28"
"A17-18","Eira barbara","4/2/2013","14:10:16"
"A17-18","Eira barbara","7/30/2013","15:00:41"
"A17-18","Eira barbara","8/2/2013","12:22:33"
"A17-18","Eira barbara","9/15/2014","8:10:27"
"A17-18","Eira barbara","9/16/2014","11:22:58"
"A17-18","Eira barbara","9/28/2014","12:56:56"
"A17-18","Eira barbara","10/1/2014","7:49:50"
"A17-18","Eira barbara","10/6/2014","11:29:50"
"A17-18","Eira barbara","10/18/2014","10:53:10"
"A17-18","Eira barbara","10/22/2014","7:52:07"
"A17-18","Eira barbara","10/30/2014","8:03:35"
"A17-18","Eira barbara","11/13/2014","5:39:11"
"A17-18","Eira barbara","12/14/2014","9:05:27"
"A17-18","Eira barbara","1/3/2015","8:12:45"
"A17-18","Eira barbara","1/6/2015","9:35:15"
"A17-18","Eira barbara","1/7/2015","15:05:16"
"A17-18","Eira barbara","1/13/2015","14:21:44"
"A17-18","Eira barbara","1/19/2015","7:15:27"
"A17-18","Eira barbara","1/22/2015","14:01:06"
"A17-18","Eira barbara","2/7/2015","12:08:48"
"A17-18","Eira barbara","2/15/2015","6:41:04"
"A7-8","Eira barbara","8/24/2015","5:11:41"
"C1-2","Eira barbara","1/1/2014","11:32:08"
"C1-2","Eira barbara","3/8/2014","0:11:17"
"C1-2","Eira barbara","8/23/2016","15:00:41"
"C1-2R","Eira barbara","6/21/2014","3:46:53"
"C9-10","Eira barbara","2/16/2017","13:35:54"
"C13-14","Eira barbara","7/22/2012","18:54:27"
"C13-14","Eira barbara","8/28/2013","18:17:47"
"C17-18","Eira barbara","7/2/2014","7:52:07"
"C17-18","Eira barbara","8/1/2014","7:38:22"
"C17-18","Eira barbara","8/17/2014","8:49:25"
"C17-18","Eira barbara","10/30/2014","6:45:39"
"C17-18","Eira barbara","4/23/2016","13:35:54"
"C17-18","Eira barbara","5/6/2016","11:04:38"
"VM28","Eira barbara","6/1/2014","10:07:20"
"VM28","Eira barbara","2/17/2015","12:01:56"
"A1-2","Felis catus","2/10/2013","2:56:28"
"A1-2","Felis catus","2/22/2013","1:59:11"
"A17-18","Felis catus","1/25/2014","3:03:21"
"C11-12","Felis catus","5/5/2016","15:32:47"
"C13-14","Felis catus","5/21/2013","0:45:50"
"C13-14","Felis catus","5/23/2013","18:31:32"
"C13-14","Felis catus","5/31/2013","8:05:52"
"C13-14","Felis catus","6/2/2013","8:15:02"
"C13-14","Felis catus","6/4/2013","9:44:25"
"C13-14","Felis catus","6/7/2013","13:22:08"
"C13-14","Felis catus","6/8/2013","18:36:07"
"C13-14","Felis catus","6/11/2013","7:47:32"
"C5-6","Felis catus","5/15/2013","23:18:01"
"C9-10R","Felis catus","5/22/2013","19:24:15"
"C9-10R","Felis catus","6/19/2013","2:28:58"
"A1-2","Herpailurus yaguarondi","3/7/2013","6:29:37"
"A11-12","Herpailurus yaguarondi","2/22/2014","15:57:59"
"A17-18","Herpailurus yaguarondi","4/2/2014","14:56:06"
"A17-18","Herpailurus yaguarondi","1/1/2015","8:56:17"
"A7-8","Herpailurus yaguarondi","2/26/2014","16:46:07"
"A1-2","Leopardus pardalis","11/24/2012","23:38:39"
"A1-2","Leopardus pardalis","12/9/2012","19:31:08"
"A1-2","Leopardus pardalis","1/5/2013","3:35:26"
"A1-2","Leopardus pardalis","5/8/2013","19:44:53"
"A1-2","Leopardus pardalis","5/12/2013","22:55:06"
"A1-2","Leopardus pardalis","5/14/2013","2:12:56"
"A1-2","Leopardus pardalis","12/30/2013","18:10:55"
"A1-2","Leopardus pardalis","1/6/2014","3:28:33"
"Emily","Leopardus pardalis","11/24/2012","23:38:39"
"Emily","Leopardus pardalis","12/9/2012","19:31:08"
"A11-12","Leopardus pardalis","11/29/2012","1:50:00"
"A11-12","Leopardus pardalis","12/12/2012","18:04:02"
"A11-12","Leopardus pardalis","10/29/2013","20:14:40"
"A11-12","Leopardus pardalis","12/30/2013","18:10:55"
"A13-14","Leopardus pardalis","9/11/2012","20:33:00"
"A17-18","Leopardus pardalis","9/14/2012","22:55:06"
"A17-18","Leopardus pardalis","12/24/2012","4:46:29"
"A17-18","Leopardus pardalis","12/31/2012","3:17:06"
"A17-18","Leopardus pardalis","2/27/2013","5:25:26"
"A17-18","Leopardus pardalis","4/27/2013","3:26:16"
"A17-18","Leopardus pardalis","8/24/2013","1:24:48"
"A17-18","Leopardus pardalis","8/30/2013","2:08:21"
"A17-18","Leopardus pardalis","1/6/2014","3:28:33"
"A17-18","Leopardus pardalis","4/7/2014","3:46:53"
"A17-18","Leopardus pardalis","2/16/2015","1:06:28"
"A17-18","Leopardus pardalis","8/10/2015","23:08:51"
"A17-18","Leopardus pardalis","9/12/2015","17:41:07"
"A17-18","Leopardus pardalis","9/20/2015","18:04:02"
"A7-8","Leopardus pardalis","1/18/2013","0:04:35"
"A7-8","Leopardus pardalis","2/19/2013","3:28:33"
"A7-8","Leopardus pardalis","3/13/2013","0:06:53"
"A9-10","Leopardus pardalis","10/1/2012","23:08:51"
"A9-10","Leopardus pardalis","2/19/2013","23:22:36"
"C11-12","Leopardus pardalis","12/12/2013","18:52:10"
"C15-16","Leopardus pardalis","3/19/2014","19:10:30"
"C15-16","Leopardus pardalis","10/1/2014","23:27:11"
"C9-10R","Leopardus pardalis","12/12/2013","18:52:10"
"Molina","Leopardus pardalis","8/6/2013","4:30:26"
"Molina","Leopardus pardalis","8/18/2013","1:40:50"
"Molina","Leopardus pardalis","8/24/2013","21:21:08"
"Molina","Leopardus pardalis","11/8/2013","20:12:23"
"Molina","Leopardus pardalis","3/11/2014","13:29:01"
"Molina","Leopardus pardalis","3/14/2014","3:28:33"
"Molina","Leopardus pardalis","3/20/2014","18:24:40"
"Molina","Leopardus pardalis","3/27/2014","20:46:45"
"Molina","Leopardus pardalis","4/3/2014","5:55:14"
"Molina","Leopardus pardalis","4/5/2014","4:16:41"
"Molina","Leopardus pardalis","4/22/2014","1:50:00"
"Molina","Leopardus pardalis","4/24/2014","22:25:18"
"VM28","Leopardus pardalis","5/29/2014","18:13:12"
"VM28","Leopardus pardalis","7/7/2014","18:13:12"
"VM28","Leopardus pardalis","7/23/2014","1:27:05"
"VM28","Leopardus pardalis","7/25/2014","23:34:04"
"VM28","Leopardus pardalis","7/30/2014","4:28:09"
"VM28","Leopardus pardalis","8/4/2014","23:24:54"
"A17-18","Leopardus tigrinus oncilla","11/13/2014","2:35:51"
"A7-8","Leopardus tigrinus oncilla","8/14/2015","19:05:55"
"C1-2R","Leopardus tigrinus oncilla","11/15/2012","21:14:15"
"C1-2R","Leopardus tigrinus oncilla","5/28/2013","5:43:46"
"C1-2R","Leopardus tigrinus oncilla","5/29/2013","21:44:03"
"C1-2R","Leopardus tigrinus oncilla","6/13/2013","2:12:56"
"C13-14","Leopardus tigrinus oncilla","9/28/2013","1:45:25"
"C15-16","Leopardus tigrinus oncilla","9/9/2016","2:24:23"
"C17-18","Leopardus tigrinus oncilla","4/9/2016","20:49:03"
"C3-4R","Leopardus tigrinus oncilla","6/27/2012","4:05:14"
"C3-4R","Leopardus tigrinus oncilla","10/28/2012","3:30:51"
"C3-4R","Leopardus tigrinus oncilla","5/16/2013","22:29:53"
"C3-4R","Leopardus tigrinus oncilla","5/28/2013","5:43:46"
"C5-6","Leopardus tigrinus oncilla","7/31/2012","5:02:31"
"C5-6","Leopardus tigrinus oncilla","10/28/2012","23:50:06"
"C5-6","Leopardus tigrinus oncilla","11/6/2012","19:08:12"
"C5-6","Leopardus tigrinus oncilla","5/18/2013","3:07:56"
"C5-6","Leopardus tigrinus oncilla","5/20/2013","0:27:30"
"C9-10R","Leopardus tigrinus oncilla","11/28/2012","19:35:43"
"C9-10R","Leopardus tigrinus oncilla","2/17/2014","19:21:58"
"Molina","Leopardus tigrinus oncilla","8/24/2013","21:21:08"
"Molina","Leopardus tigrinus oncilla","11/8/2013","20:14:40"
"C11-12","Leopardus wiedii","7/4/2013","23:18:01"
"C11-12","Leopardus wiedii","7/25/2013","3:21:41"
"C11-12","Leopardus wiedii","9/17/2013","5:11:41"
"C11-12","Leopardus wiedii","11/13/2013","4:48:46"
"C11-12","Leopardus wiedii","12/5/2013","21:05:05"
"C11-12","Leopardus wiedii","12/28/2013","5:18:34"
"C13-14","Leopardus wiedii","8/13/2012","23:45:31"
"Emily","Mazama temama","7/9/2016","4:47:15"
"Emily","Mazama temama","7/15/2016","5:11:32"
"Emily","Mazama temama","7/28/2016","17:05:03"
"A13-14","Mazama temama","9/25/2014","17:52:35"
"A17-18","Mazama temama","7/20/2013","8:54:00"
"A5-6","Mazama temama","2/24/2014","12:59:13"
"A7-8","Mazama temama","2/25/2013","12:59:13"
"A7-8","Mazama temama","3/29/2013","11:09:13"
"A7-8","Mazama temama","6/7/2013","16:23:12"
"C1-2R","Mazama temama","7/29/2013","18:20:05"
"C1-2R","Mazama temama","8/20/2013","15:35:04"
"C11-12","Mazama temama","7/6/2012","0:45:50"
"C11-12","Mazama temama","7/29/2012","3:17:06"
"C11-12","Mazama temama","8/5/2013","11:55:03"
"C11-12","Mazama temama","11/21/2013","23:50:06"
"C11-12","Mazama temama","6/6/2014","2:03:46"
"C11-12","Mazama temama","6/25/2014","13:40:29"
"C11-12","Mazama temama","11/22/2014","14:40:04"
"C11-12","Mazama temama","12/29/2014","10:00:28"
"C11-12","Mazama temama","3/8/2015","9:30:40"
"C11-12","Mazama temama","4/20/2015","9:51:18"
"C13-14","Mazama temama","9/13/2013","0:48:08"
"C13-14","Mazama temama","9/18/2013","8:28:47"
"C13-14","Mazama temama","9/28/2013","9:55:53"
"C13-14","Mazama temama","1/14/2014","7:38:22"
"C15-16","Mazama temama","10/12/2013","17:06:44"
"C15-16","Mazama temama","11/28/2013","15:37:22"
"C15-16","Mazama temama","3/27/2014","2:19:48"
"C15-16","Mazama temama","4/6/2014","2:03:46"
"C15-16","Mazama temama","4/14/2014","13:58:49"
"C15-16","Mazama temama","5/4/2014","13:26:43"
"C15-16","Mazama temama","5/7/2014","7:45:15"
"C15-16","Mazama temama","5/14/2014","21:25:43"
"C15-16","Mazama temama","6/29/2014","23:40:56"
"C15-16","Mazama temama","7/3/2014","19:10:30"
"C15-16","Mazama temama","11/8/2014","10:53:10"
"C15-16","Mazama temama","12/10/2014","14:44:39"
"C17-18","Mazama temama","5/25/2014","12:27:08"
"C17-18","Mazama temama","8/12/2014","18:33:50"
"C17-18","Mazama temama","8/21/2014","13:56:31"
"C17-18","Mazama temama","8/30/2014","14:07:59"
"C17-18","Mazama temama","9/9/2014","8:40:15"
"C17-18","Mazama temama","9/18/2014","8:05:52"
"C17-18","Mazama temama","9/28/2014","16:30:04"
"C17-18","Mazama temama","10/1/2014","10:14:13"
"C17-18","Mazama temama","10/12/2014","20:26:08"
"C17-18","Mazama temama","11/1/2014","1:31:40"
"C17-18","Mazama temama","11/24/2014","1:27:05"
"C17-18","Mazama temama","12/4/2014","17:25:05"
"C17-18","Mazama temama","12/11/2014","10:53:10"
"C17-18","Mazama temama","12/18/2014","17:15:54"
"C17-18","Mazama temama","12/20/2014","19:44:53"
"C17-18","Mazama temama","5/22/2016","17:20:29"
"C19-20","Mazama temama","8/10/2013","1:45:25"
"C19-20","Mazama temama","9/23/2013","23:01:58"
"C19-20","Mazama temama","10/31/2013","15:41:57"
"C19-20","Mazama temama","2/8/2014","23:43:14"
"C19-20","Mazama temama","2/23/2014","11:13:48"
"C19-20","Mazama temama","1/26/2019","11:36:43"
"C19-20","Mazama temama","2/12/2019","11:09:13"
"C7-8","Mazama temama","5/29/2013","6:02:07"
"C7-8","Mazama temama","6/15/2013","3:49:11"
"C9-10R","Mazama temama","2/6/2014","15:19:01"
"C9-10R","Mazama temama","3/10/2014","14:01:06"
"C9-10R","Mazama temama","3/12/2014","10:25:40"
"C9-10R","Mazama temama","3/15/2014","11:13:48"
"C9-10R","Mazama temama","3/20/2014","23:38:39"
"C9-10R","Mazama temama","3/26/2014","8:56:17"
"C9-10R","Mazama temama","3/27/2014","20:26:08"
"C9-10R","Mazama temama","3/30/2014","20:51:20"
"C9-10R","Mazama temama","4/14/2014","14:24:01"
"C9-10R","Mazama temama","4/21/2015","9:35:15"
"C9-10R","Mazama temama","4/29/2015","13:33:36"
"Molina","Mazama temama","3/29/2014","12:36:18"
"VM13","Mazama temama","5/16/2014","2:01:28"
"VM13","Mazama temama","6/7/2014","8:54:00"
"VM13","Mazama temama","7/28/2014","22:25:18"
"VM13","Mazama temama","12/20/2014","9:23:47"
"VM13","Mazama temama","1/27/2015","3:30:51"
"VM13","Mazama temama","2/18/2015","0:32:05"
"VM13","Mazama temama","7/9/2016","3:04:36"
"VM13","Mazama temama","7/12/2016","2:09:27"
"VM13","Mazama temama","7/15/2016","23:47:10"
"VM13","Mazama temama","7/26/2016","23:28:21"
"VM13","Mazama temama","7/30/2016","15:58:29"
"VM13","Mazama temama","8/1/2016","2:05:37"
"VM13","Mazama temama","8/16/2016","18:00:35"
"VM13","Mazama temama","8/24/2016","3:41:19"
"VM13","Mazama temama","9/4/2016","0:52:15"
"VM13","Mazama temama","9/18/2016","19:44:00"
"VM13","Mazama temama","10/5/2016","17:28:18"
"VM13","Mazama temama","10/11/2016","20:50:23"
"VM13","Mazama temama","10/27/2016","1:37:08"
"VM13","Mazama temama","11/24/2016","19:50:09"
"VM13","Mazama temama","12/16/2016","17:27:03"
"VM13","Mazama temama","12/19/2016","22:46:32"
"VM13","Mazama temama","12/24/2016","15:55:28"
"VM13","Mazama temama","1/3/2017","22:14:20"
"VM13","Mazama temama","1/22/2017","16:30:17"
"VM13","Mazama temama","2/23/2017","18:28:45"
"VM13","Mazama temama","3/12/2017","10:54:59"
"VM13","Mazama temama","3/25/2017","1:19:25"
"VM13","Mazama temama","3/28/2017","2:53:51"
"VM13","Mazama temama","4/3/2017","22:55:51"
"VM13","Mazama temama","4/16/2017","11:29:11"
"VM13","Mazama temama","4/23/2017","1:44:59"
"VM13","Mazama temama","5/7/2017","1:49:12"
"VM13","Mazama temama","5/12/2017","0:34:14"
"VM13","Mazama temama","5/13/2017","18:42:12"
"VM13","Mazama temama","5/19/2017","20:39:40"
"VM14","Mazama temama","5/16/2014","2:01:28"
"VM14","Mazama temama","6/7/2014","8:54:00"
"VM14","Mazama temama","9/17/2014","16:32:22"
"VM14","Mazama temama","9/30/2014","22:02:23"
"VM14","Mazama temama","10/3/2014","21:09:40"
"VM14","Mazama temama","10/4/2014","22:36:46"
"VM14","Mazama temama","10/11/2014","21:07:23"
"VM14","Mazama temama","10/14/2014","3:28:33"
"VM14","Mazama temama","10/19/2014","17:20:29"
"VM14","Mazama temama","10/24/2014","1:52:18"
"VM14","Mazama temama","10/27/2014","1:33:58"
"VM14","Mazama temama","10/29/2014","23:20:19"
"VM14","Mazama temama","11/4/2014","20:28:25"
"VM14","Mazama temama","11/9/2014","23:36:21"
"VM14","Mazama temama","11/17/2014","17:22:47"
"VM14","Mazama temama","12/28/2014","0:16:03"
"VM14","Mazama temama","1/6/2015","9:03:10"
"VM14","Mazama temama","1/16/2015","19:51:45"
"VM15","Mazama temama","8/20/2014","16:50:42"
"VM15","Mazama temama","10/20/2014","16:04:52"
"VM15","Mazama temama","12/13/2014","16:43:49"
"VM15","Mazama temama","12/17/2014","17:57:10"
"VM15","Mazama temama","12/20/2014","15:25:54"
"VM15","Mazama temama","2/9/2015","22:48:13"
"VM28","Mazama temama","8/20/2014","16:50:42"
"VM28","Mazama temama","10/9/2014","17:29:40"
"VM28","Mazama temama","11/15/2014","20:51:20"
"VM28","Mazama temama","11/17/2014","1:31:40"
"VM28","Mazama temama","11/21/2014","1:22:30"
"VM28","Mazama temama","11/26/2014","20:30:43"
"VM28","Mazama temama","12/2/2014","0:22:55"
"VM28","Mazama temama","12/17/2014","1:45:25"
"VM28","Mazama temama","2/7/2015","0:36:40"
"A1-2","Nasua narica","5/9/2013","11:27:33"
"A1-2","Nasua narica","7/7/2013","10:09:38"
"A1-2","Nasua narica","10/2/2013","6:41:04"
"A1-2","Nasua narica","1/31/2014","17:31:57"
"A13-14","Nasua narica","1/5/2014","1:50:00"
"A17-18","Nasua narica","10/9/2012","10:39:25"
"A17-18","Nasua narica","11/8/2013","11:13:48"
"A17-18","Nasua narica","1/1/2014","10:00:28"
"A17-18","Nasua narica","1/5/2014","1:50:00"
"A17-18","Nasua narica","9/1/2014","10:41:43"
"A17-18","Nasua narica","9/11/2014","9:35:15"
"A17-18","Nasua narica","9/14/2014","10:53:10"
"A17-18","Nasua narica","10/4/2014","6:06:42"
"A17-18","Nasua narica","3/4/2015","12:08:48"
"A7-8","Nasua narica","3/1/2014","12:34:01"
"C1-2","Nasua narica","1/12/2015","14:12:34"
"C1-2","Nasua narica","1/18/2015","11:55:03"
"C1-2","Nasua narica","1/24/2015","13:33:36"
"C1-2","Nasua narica","7/4/2019","15:39:39"
"C1-2R","Nasua narica","7/7/2013","15:28:11"
"C1-2R","Nasua narica","9/13/2013","2:42:43"
"C1-2R","Nasua narica","1/2/2014","16:25:29"
"C11-12","Nasua narica","11/15/2013","15:09:51"
"C13-14","Nasua narica","8/28/2013","18:17:47"
"C13-14","Nasua narica","9/24/2013","6:25:02"
"C15-16","Nasua narica","3/25/2014","9:05:27"
"C15-16","Nasua narica","4/22/2014","15:00:41"
"C15-16","Nasua narica","5/22/2014","6:59:24"
"C15-16","Nasua narica","6/13/2014","7:45:15"
"C15-16","Nasua narica","6/20/2014","6:25:02"
"C15-16","Nasua narica","6/21/2014","10:37:08"
"C15-16","Nasua narica","8/15/2014","7:01:42"
"C15-16","Nasua narica","10/18/2014","7:47:32"
"C15-16","Nasua narica","11/16/2014","11:55:03"
"C15-16","Nasua narica","12/19/2014","13:22:08"
"C15-16","Nasua narica","7/30/2016","8:42:32"
"C17-18","Nasua narica","4/19/2014","13:08:23"
"C17-18","Nasua narica","7/22/2014","8:05:52"
"C17-18","Nasua narica","8/15/2014","10:48:35"
"C17-18","Nasua narica","8/17/2014","8:24:12"
"C17-18","Nasua narica","9/4/2014","7:38:22"
"C17-18","Nasua narica","11/16/2014","16:23:12"
"C17-18","Nasua narica","12/26/2014","17:36:32"
"C17-18","Nasua narica","6/6/2016","9:58:10"
"C17-18","Nasua narica","6/15/2016","8:19:37"
"C17-18","Nasua narica","7/13/2016","17:41:07"
"C19-20","Nasua narica","11/10/2016","14:42:21"
"C19-20","Nasua narica","4/3/2019","12:40:53"
"C3-4R","Nasua narica","5/25/2013","17:38:50"
"C3-4R","Nasua narica","6/7/2013","13:22:08"
"C3-4R","Nasua narica","6/17/2013","8:24:12"
"C3-4R","Nasua narica","6/24/2013","10:34:50"
"C3-4R","Nasua narica","6/27/2013","7:42:57"
"C3-4R","Nasua narica","6/28/2013","17:54:52"
"C3-4R","Nasua narica","7/1/2013","16:14:02"
"C3-4R","Nasua narica","7/7/2013","11:29:50"
"C3-4R","Nasua narica","7/11/2013","13:40:29"
"C3-4","Nasua narica","11/3/2016","14:37:46"
"C3-4","Nasua narica","12/18/2016","20:16:58"
"C3-4","Nasua narica","12/23/2016","3:33:08"
"Molina","Nasua narica","8/8/2013","5:43:46"
"Molina","Nasua narica","8/15/2013","8:44:50"
"Molina","Nasua narica","8/28/2013","10:41:43"
"Molina","Nasua narica","9/7/2013","7:36:04"
"Molina","Nasua narica","10/2/2013","6:27:19"
"Molina","Nasua narica","3/14/2014","12:24:51"
"Molina","Nasua narica","4/7/2014","8:05:52"
"Molina","Nasua narica","4/22/2014","11:36:43"
"VM28","Nasua narica","5/17/2014","6:57:07"
"VM28","Nasua narica","6/21/2014","7:33:47"
"VM28","Nasua narica","6/26/2014","10:07:20"
"A13-14","Odocoileus virginianus","7/18/2012","0:18:20"
"A13-14","Odocoileus virginianus","8/1/2012","22:11:33"
"A13-14","Odocoileus virginianus","1/3/2013","2:58:46"
"A13-14","Odocoileus virginianus","2/25/2013","12:59:13"
"A13-14","Odocoileus virginianus","3/29/2013","11:09:13"
"A13-14","Odocoileus virginianus","6/7/2013","16:23:12"
"A17-18","Odocoileus virginianus","9/30/2015","6:25:02"
"A5-6","Odocoileus virginianus","4/1/2014","9:00:52"
"A9-10","Odocoileus virginianus","8/1/2012","0:04:35"
"C1-2","Odocoileus virginianus","3/22/2016","7:59:00"
"C1-2","Odocoileus virginianus","4/19/2016","12:52:21"
"C1-2","Odocoileus virginianus","10/3/2016","11:06:55"
"C1-2R","Odocoileus virginianus","8/26/2014","12:34:01"
"C15-16","Odocoileus virginianus","9/1/2016","10:37:08"
"C15-16","Odocoileus virginianus","11/19/2016","1:17:55"
"C3-4","Odocoileus virginianus","12/3/2016","11:04:38"
"C9-10","Panthera onca","11/28/2015","18:22:22"
"C9-10","Panthera onca","8/28/2016","13:55:24"
"C11-12","Panthera onca","8/28/2016","13:54:14"
"C15-16","Panthera onca","10/28/2013","23:56:59"
"C15-16","Panthera onca","3/19/2014","19:10:30"
"C15-16","Panthera onca","9/4/2014","17:06:44"
"C3-4","Panthera onca","2/21/2017","4:37:19"
"A1-2","Pecari tajacu","1/7/2014","8:58:35"
"Emily","Pecari tajacu","7/15/2016","18:17:05"
"Emily","Pecari tajacu","7/28/2016","0:46:27"
"Emily","Pecari tajacu","7/29/2016","16:21:35"
"A11-12","Pecari tajacu","10/27/2012","8:26:30"
"A17-18","Pecari tajacu","2/28/2013","7:49:50"
"A17-18","Pecari tajacu","4/17/2013","10:23:23"
"A17-18","Pecari tajacu","4/25/2013","8:08:10"
"A17-18","Pecari tajacu","6/22/2013","10:48:35"
"A7-8","Pecari tajacu","10/10/2012","12:15:41"
"A7-8","Pecari tajacu","2/7/2015","9:55:53"
"C1-2","Pecari tajacu","3/8/2016","15:00:41"
"C1-2","Pecari tajacu","3/16/2016","23:38:39"
"C1-2","Pecari tajacu","3/29/2016","13:03:48"
"C1-2","Pecari tajacu","4/13/2016","11:55:03"
"C1-2","Pecari tajacu","4/15/2016","14:53:49"
"C1-2","Pecari tajacu","8/26/2016","10:44:00"
"C1-2","Pecari tajacu","9/2/2016","8:31:05"
"C1-2","Pecari tajacu","9/23/2016","11:52:46"
"C1-2","Pecari tajacu","10/3/2016","8:17:20"
"C1-2","Pecari tajacu","10/30/2016","16:18:37"
"C1-2R","Pecari tajacu","7/21/2013","10:21:05"
"C1-2R","Pecari tajacu","9/9/2013","10:37:08"
"C1-2R","Pecari tajacu","9/20/2013","16:32:22"
"C11-12","Pecari tajacu","7/4/2012","13:26:43"
"C11-12","Pecari tajacu","7/6/2012","17:27:22"
"C11-12","Pecari tajacu","10/29/2013","9:26:05"
"C11-12","Pecari tajacu","10/31/2013","11:00:03"
"C11-12","Pecari tajacu","12/24/2013","16:43:49"
"C11-12","Pecari tajacu","12/27/2013","13:12:58"
"C11-12","Pecari tajacu","6/14/2014","10:48:35"
"C11-12","Pecari tajacu","8/6/2014","9:42:08"
"C11-12","Pecari tajacu","9/2/2014","17:31:57"
"C11-12","Pecari tajacu","9/18/2014","16:00:17"
"C11-12","Pecari tajacu","9/22/2014","10:48:35"
"C11-12","Pecari tajacu","10/8/2014","9:10:02"
"C11-12","Pecari tajacu","11/18/2014","8:54:00"
"C11-12","Pecari tajacu","1/4/2015","17:06:44"
"C11-12","Pecari tajacu","1/28/2015","16:41:32"
"C11-12","Pecari tajacu","3/29/2015","9:37:32"
"C11-12","Pecari tajacu","5/6/2015","12:01:56"
"C11-12","Pecari tajacu","6/7/2015","10:00:28"
"C11-12","Pecari tajacu","5/9/2016","14:28:36"
"C11-12","Pecari tajacu","7/11/2016","8:49:25"
"C11-12","Pecari tajacu","8/14/2016","12:47:46"
"C11-12","Pecari tajacu","9/7/2016","10:05:03"
"C11-12","Pecari tajacu","9/20/2016","7:26:54"
"C11-12","Pecari tajacu","9/25/2016","15:35:04"
"C11-12","Pecari tajacu","8/8/2017","14:44:39"
"C13-14","Pecari tajacu","9/16/2013","10:48:35"
"C13-14","Pecari tajacu","9/10/2014","15:05:16"
"C13-14","Pecari tajacu","11/11/2014","13:17:33"
"C15-16","Pecari tajacu","12/18/2013","12:43:11"
"C17-18","Pecari tajacu","8/3/2016","12:40:53"
"C19-20","Pecari tajacu","11/18/2013","17:29:40"
"C19-20","Pecari tajacu","12/2/2016","8:42:32"
"C19-20","Pecari tajacu","2/12/2019","14:42:21"
"C3-4R","Pecari tajacu","5/12/2013","11:22:58"
"C3-4R","Pecari tajacu","5/15/2013","7:40:39"
"C3-4R","Pecari tajacu","6/5/2013","7:24:37"
"C3-4R","Pecari tajacu","6/7/2013","8:31:05"
"C3-4R","Pecari tajacu","6/15/2013","17:52:35"
"C3-4R","Pecari tajacu","6/17/2013","15:12:09"
"C3-4R","Pecari tajacu","6/19/2013","7:47:32"
"C3-4R","Pecari tajacu","6/23/2013","8:49:25"
"C3-4R","Pecari tajacu","7/5/2013","8:19:37"
"C3-4R","Pecari tajacu","7/6/2013","8:42:32"
"C3-4R","Pecari tajacu","7/8/2013","6:31:54"
"C3-4R","Pecari tajacu","7/11/2013","18:38:25"
"C3-4","Pecari tajacu","10/26/2016","10:41:43"
"C3-4","Pecari tajacu","11/2/2016","8:28:47"
"C3-4","Pecari tajacu","11/23/2016","11:50:28"
"C3-4","Pecari tajacu","12/3/2016","8:15:02"
"C3-4","Pecari tajacu","12/16/2016","17:20:29"
"C3-4","Pecari tajacu","12/30/2016","16:16:19"
"C3-4","Pecari tajacu","2/7/2017","16:07:09"
"C3-4","Pecari tajacu","2/20/2017","16:36:57"
"C3-4","Pecari tajacu","2/25/2017","9:19:12"
"C9-10R","Pecari tajacu","8/29/2013","12:56:56"
"C9-10R","Pecari tajacu","11/28/2013","2:10:38"
"C9-10R","Pecari tajacu","12/3/2013","14:01:06"
"C9-10R","Pecari tajacu","12/24/2013","16:43:49"
"C9-10R","Pecari tajacu","12/27/2013","13:12:58"
"C9-10R","Pecari tajacu","1/4/2014","9:46:43"
"C9-10R","Pecari tajacu","1/5/2014","14:33:11"
"C9-10R","Pecari tajacu","1/9/2014","15:53:24"
"C9-10R","Pecari tajacu","1/18/2014","15:14:26"
"C9-10R","Pecari tajacu","1/26/2014","15:53:24"
"C9-10R","Pecari tajacu","2/2/2014","15:51:07"
"C9-10R","Pecari tajacu","2/5/2014","10:44:00"
"C9-10R","Pecari tajacu","2/11/2014","14:30:54"
"C9-10R","Pecari tajacu","3/5/2014","13:58:49"
"C9-10R","Pecari tajacu","3/19/2014","17:50:17"
"C9-10R","Pecari tajacu","4/25/2015","13:10:41"
"Molina","Pecari tajacu","12/9/2013","0:09:10"
"VM13","Pecari tajacu","9/14/2014","8:26:30"
"VM13","Pecari tajacu","7/13/2016","17:05:54"
"VM13","Pecari tajacu","7/29/2016","11:31:03"
"VM13","Pecari tajacu","9/5/2016","5:55:42"
"VM13","Pecari tajacu","9/17/2016","9:37:56"
"VM13","Pecari tajacu","10/5/2016","5:04:23"
"VM13","Pecari tajacu","10/20/2016","5:27:27"
"VM13","Pecari tajacu","12/8/2016","20:07:56"
"VM13","Pecari tajacu","12/12/2016","2:23:18"
"VM13","Pecari tajacu","1/16/2017","5:38:55"
"VM14","Pecari tajacu","6/1/2014","14:07:59"
"VM14","Pecari tajacu","8/5/2014","12:31:43"
"VM14","Pecari tajacu","8/30/2014","16:41:32"
"VM14","Pecari tajacu","9/2/2014","9:30:40"
"VM15","Pecari tajacu","6/1/2014","14:07:59"
"VM15","Pecari tajacu","8/5/2014","12:31:43"
"VM15","Pecari tajacu","8/21/2014","11:04:38"
"VM15","Pecari tajacu","8/26/2014","22:13:51"
"VM15","Pecari tajacu","9/12/2014","7:13:09"
"VM15","Pecari tajacu","9/16/2014","11:48:11"
"VM15","Pecari tajacu","10/1/2014","6:29:37"
"VM15","Pecari tajacu","10/6/2014","8:03:35"
"VM15","Pecari tajacu","10/21/2014","10:11:55"
"VM15","Pecari tajacu","12/24/2014","9:46:43"
"VM15","Pecari tajacu","5/21/2015","17:59:27"
"VM15","Pecari tajacu","5/25/2015","6:11:17"
"VM15","Pecari tajacu","6/5/2015","17:27:22"
"VM15","Pecari tajacu","6/18/2015","5:41:29"
"VM15","Pecari tajacu","6/26/2015","11:45:53"
"VM15","Pecari tajacu","6/28/2015","17:06:44"
"VM28","Pecari tajacu","8/18/2014","7:33:47"
"VM28","Pecari tajacu","8/21/2014","12:15:41"
"VM28","Pecari tajacu","10/1/2014","6:29:37"
"VM28","Pecari tajacu","1/31/2015","16:41:32"
"VM28","Pecari tajacu","2/4/2015","7:29:12"
"A1-2","Philander opossum","1/10/2014","3:58:21"
"A1-2","Philander opossum","2/28/2014","3:05:38"
"A11-12","Philander opossum","7/17/2012","1:36:15"
"A11-12","Philander opossum","7/25/2012","21:30:18"
"A11-12","Philander opossum","9/21/2012","1:04:10"
"A11-12","Philander opossum","12/13/2012","4:05:14"
"A11-12","Philander opossum","2/19/2014","21:25:43"
"A13-14","Philander opossum","1/5/2014","4:41:54"
"A13-14","Philander opossum","1/8/2014","2:56:28"
"A13-14","Philander opossum","1/13/2014","0:41:15"
"A13-14","Philander opossum","2/1/2014","21:32:36"
"A13-14","Philander opossum","2/4/2014","0:34:23"
"A17-18","Philander opossum","7/15/2012","19:33:25"
"A17-18","Philander opossum","5/13/2013","0:34:23"
"A17-18","Philander opossum","4/8/2014","0:32:05"
"A17-18","Philander opossum","8/14/2014","22:45:56"
"A17-18","Philander opossum","9/16/2014","1:43:08"
"A17-18","Philander opossum","10/25/2014","20:23:50"
"A17-18","Philander opossum","11/25/2014","3:07:56"
"A17-18","Philander opossum","12/25/2014","18:01:45"
"A17-18","Philander opossum","1/8/2015","21:11:58"
"A17-18","Philander opossum","1/10/2015","17:43:25"
"A17-18","Philander opossum","1/24/2015","20:21:33"
"A17-18","Philander opossum","2/4/2015","19:26:33"
"A17-18","Philander opossum","2/11/2015","22:55:06"
"A17-18","Philander opossum","8/16/2015","19:12:47"
"A17-18","Philander opossum","8/26/2015","13:12:58"
"A17-18","Philander opossum","8/28/2015","18:17:47"
"A17-18","Philander opossum","9/8/2015","15:46:32"
"A5-6","Philander opossum","1/4/2014","23:13:26"
"A5-6","Philander opossum","1/6/2014","18:10:55"
"A5-6","Philander opossum","1/9/2014","19:56:20"
"A7-8","Philander opossum","2/6/2014","19:42:35"
"A7-8","Philander opossum","2/15/2014","18:52:10"
"A7-8","Philander opossum","12/23/2014","2:01:28"
"A7-8","Philander opossum","2/12/2015","23:15:44"
"A7-8","Philander opossum","2/13/2015","23:40:56"
"A7-8","Philander opossum","2/16/2015","0:36:40"
"A7-8","Philander opossum","2/23/2015","23:11:08"
"A7-8","Philander opossum","2/27/2015","23:20:19"
"C3-4R","Philander opossum","9/19/2012","23:34:04"
"C3-4R","Philander opossum","5/15/2013","1:01:53"
"C3-4R","Philander opossum","6/10/2013","22:50:31"
"C3-4R","Philander opossum","6/14/2013","20:44:28"
"C3-4R","Philander opossum","6/25/2013","20:39:53"
"C3-4R","Philander opossum","6/27/2013","2:45:01"
"C3-4R","Philander opossum","6/30/2013","21:23:26"
"C3-4R","Philander opossum","7/4/2013","20:23:50"
"C3-4R","Philander opossum","7/8/2013","20:30:43"
"C3-4","Potos flavus","2/22/2017","17:41:07"
"A1-2","Procyon lotor","9/19/2012","2:35:51"
"A1-2","Procyon lotor","9/28/2012","23:40:56"
"A1-2","Procyon lotor","1/6/2013","3:58:21"
"A1-2","Procyon lotor","12/31/2013","2:17:31"
"A1-2","Procyon lotor","1/7/2014","2:22:06"
"A1-2","Procyon lotor","9/19/2014","4:16:41"
"Emily","Procyon lotor","9/2/2012","4:05:14"
"Emily","Procyon lotor","9/19/2012","2:35:51"
"Emily","Procyon lotor","9/28/2012","23:40:56"
"A11-12","Procyon lotor","9/1/2013","2:51:53"
"A11-12","Procyon lotor","3/12/2014","0:27:30"
"A13-14","Procyon lotor","3/17/2014","22:18:26"
"A15-16","Procyon lotor","7/11/2012","1:04:10"
"A17-18","Procyon lotor","7/24/2012","19:03:37"
"A17-18","Procyon lotor","12/26/2012","20:05:30"
"A17-18","Procyon lotor","1/7/2014","2:22:06"
"A17-18","Procyon lotor","2/23/2014","23:56:59"
"A5-6","Procyon lotor","7/15/2012","1:56:53"
"A7-8","Procyon lotor","3/5/2013","3:05:38"
"A7-8","Procyon lotor","11/12/2014","22:43:38"
"C3-4","Procyon lotor","12/23/2016","3:33:08"
"Molina","Procyon lotor","3/5/2015","4:07:31"
"Molina","Procyon lotor","3/7/2015","4:16:41"
"VM15","Procyon lotor","1/4/2015","20:05:30"
"A1-2","Puma concolor","7/5/2012","20:05:30"
"A1-2","Puma concolor","7/25/2012","1:15:38"
"A1-2","Puma concolor","9/8/2012","0:25:13"
"A1-2","Puma concolor","2/20/2013","1:29:23"
"A1-2","Puma concolor","3/23/2013","21:55:31"
"A1-2","Puma concolor","3/26/2013","1:08:45"
"A1-2","Puma concolor","5/28/2013","22:34:28"
"A1-2","Puma concolor","7/12/2013","2:38:08"
"A1-2","Puma concolor","9/21/2013","19:12:47"
"A1-2","Puma concolor","11/1/2013","17:41:07"
"A1-2","Puma concolor","4/9/2014","4:44:11"
"A1-2","Puma concolor","11/26/2014","1:24:48"
"Emily","Puma concolor","9/8/2012","0:25:13"
"Emily","Puma concolor","11/1/2013","17:41:07"
"Emily","Puma concolor","6/23/2016","1:31:56"
"Emily","Puma concolor","7/5/2016","9:43:01"
"A11-12","Puma concolor","10/20/2012","21:34:53"
"A11-12","Puma concolor","2/16/2013","21:41:46"
"A11-12","Puma concolor","8/29/2013","22:39:03"
"A11-12","Puma concolor","11/1/2013","7:49:50"
"A11-12","Puma concolor","1/6/2014","22:45:56"
"A13-14","Puma concolor","3/2/2014","22:27:36"
"A17-18","Puma concolor","7/8/2012","2:51:53"
"A17-18","Puma concolor","9/8/2012","3:33:08"
"A17-18","Puma concolor","5/30/2013","2:06:03"
"A17-18","Puma concolor","9/10/2013","18:36:07"
"A17-18","Puma concolor","4/9/2014","2:58:46"
"A17-18","Puma concolor","9/11/2014","22:59:41"
"A17-18","Puma concolor","9/26/2014","15:05:16"
"A17-18","Puma concolor","10/2/2014","20:58:13"
"A17-18","Puma concolor","10/8/2014","17:02:09"
"A7-8","Puma concolor","7/24/2012","19:51:45"
"A7-8","Puma concolor","10/3/2012","18:43:00"
"A7-8","Puma concolor","1/24/2013","3:19:23"
"A7-8","Puma concolor","4/11/2013","20:16:58"
"A7-8","Puma concolor","1/6/2014","22:45:56"
"C1-2","Puma concolor","4/11/2019","2:35:51"
"C1-2R","Puma concolor","11/23/2012","22:50:31"
"C11-12","Puma concolor","6/11/2014","0:32:05"
"C11-12","Puma concolor","12/9/2014","21:37:11"
"C11-12","Puma concolor","3/5/2015","5:32:19"
"C11-12","Puma concolor","3/21/2015","14:01:06"
"C11-12","Puma concolor","6/4/2015","4:32:44"
"C11-12","Puma concolor","6/5/2015","18:17:47"
"C13-14","Puma concolor","8/4/2013","19:54:03"
"C13-14","Puma concolor","10/25/2013","20:26:08"
"C15-16","Puma concolor","6/29/2014","5:30:01"
"C15-16","Puma concolor","7/27/2014","4:09:49"
"C15-16","Puma concolor","10/5/2014","22:55:06"
"C15-16","Puma concolor","12/15/2014","8:56:17"
"C15-16","Puma concolor","12/21/2014","23:11:08"
"C17-18","Puma concolor","4/9/2014","16:27:47"
"C17-18","Puma concolor","6/29/2014","1:08:45"
"C17-18","Puma concolor","7/26/2014","23:11:08"
"C17-18","Puma concolor","8/11/2014","22:25:18"
"C17-18","Puma concolor","9/1/2014","18:47:35"
"C17-18","Puma concolor","9/23/2014","22:59:41"
"C17-18","Puma concolor","10/6/2014","2:35:51"
"C17-18","Puma concolor","12/21/2014","21:00:30"
"C17-18","Puma concolor","4/25/2016","20:42:10"
"C17-18","Puma concolor","5/14/2016","5:00:14"
"C19-20","Puma concolor","12/14/2014","4:44:11"
"C19-20","Puma concolor","10/24/2016","21:05:05"
"C3-4R","Puma concolor","5/10/2013","19:05:55"
"C3-4","Puma concolor","3/21/2017","7:13:09"
"C5-6","Puma concolor","7/2/2012","16:25:29"
"C5-6","Puma concolor","7/26/2012","0:13:45"
"C5-6","Puma concolor","7/27/2012","2:01:28"
"C5-6","Puma concolor","11/9/2012","1:20:13"
"C5-6","Puma concolor","5/15/2014","1:20:13"
"C7-8","Puma concolor","7/26/2012","2:03:46"
"C9-10R","Puma concolor","1/26/2014","19:15:05"
"C9-10R","Puma concolor","2/19/2014","0:55:00"
"C9-10R","Puma concolor","2/23/2014","20:16:58"
"C9-10R","Puma concolor","3/5/2014","16:41:32"
"C9-10R","Puma concolor","3/14/2014","0:00:00"
"C9-10R","Puma concolor","3/22/2014","4:02:56"
"C9-10R","Puma concolor","3/23/2014","4:39:36"
"C9-10R","Puma concolor","4/19/2014","17:18:12"
"Molina","Puma concolor","8/21/2013","18:49:52"
"Molina","Puma concolor","8/31/2013","13:49:39"
"Molina","Puma concolor","9/13/2013","19:44:53"
"Molina","Puma concolor","9/29/2013","5:30:01"
"Molina","Puma concolor","11/2/2013","0:43:33"
"Molina","Puma concolor","11/25/2013","16:34:39"
"Molina","Puma concolor","12/10/2013","20:16:58"
"VM13","Puma concolor","12/7/2014","0:04:35"
"VM13","Puma concolor","12/16/2016","9:48:22"
"VM13","Puma concolor","12/22/2016","20:39:58"
"VM13","Puma concolor","4/26/2017","10:20:40"
"VM13","Puma concolor","5/3/2017","23:20:42"
"VM14","Puma concolor","1/6/2015","21:55:31"
"Emily","Sylvilagus dicei","7/15/2016","3:31:40"
"A11-12","Sylvilagus dicei","2/24/2014","3:01:03"
"A7-8","Sylvilagus dicei","2/5/2014","11:06:55"
"C1-2R","Sylvilagus dicei","7/1/2012","2:08:21"
"C1-2R","Sylvilagus dicei","7/20/2012","20:05:30"
"C1-2R","Sylvilagus dicei","7/23/2012","18:33:50"
"C1-2R","Sylvilagus dicei","7/25/2012","17:52:35"
"C1-2R","Sylvilagus dicei","7/28/2012","18:29:15"
"C1-2R","Sylvilagus dicei","8/2/2012","20:12:23"
"C1-2R","Sylvilagus dicei","8/9/2012","23:59:16"
"C1-2R","Sylvilagus dicei","8/11/2012","1:47:43"
"C1-2R","Sylvilagus dicei","8/12/2012","1:52:18"
"C1-2R","Sylvilagus dicei","8/15/2012","3:03:21"
"C1-2R","Sylvilagus dicei","8/16/2012","3:42:18"
"C1-2R","Sylvilagus dicei","9/23/2012","22:55:06"
"C1-2R","Sylvilagus dicei","11/19/2012","2:38:08"
"C1-2R","Sylvilagus dicei","11/20/2012","5:23:09"
"C1-2R","Sylvilagus dicei","1/25/2013","23:45:31"
"C1-2R","Sylvilagus dicei","2/3/2013","22:45:56"
"C1-2R","Sylvilagus dicei","2/5/2013","17:54:52"
"C1-2R","Sylvilagus dicei","5/18/2013","18:13:12"
"C1-2R","Sylvilagus dicei","5/19/2013","20:44:28"
"C1-2R","Sylvilagus dicei","6/19/2013","23:18:01"
"C11-12","Sylvilagus dicei","6/27/2012","22:18:26"
"C11-12","Sylvilagus dicei","6/29/2012","19:08:12"
"C11-12","Sylvilagus dicei","7/1/2012","4:07:31"
"C11-12","Sylvilagus dicei","7/3/2012","22:27:36"
"C11-12","Sylvilagus dicei","7/7/2012","21:34:53"
"C11-12","Sylvilagus dicei","7/11/2012","19:42:35"
"C11-12","Sylvilagus dicei","7/13/2012","21:28:01"
"C11-12","Sylvilagus dicei","7/14/2012","21:30:18"
"C11-12","Sylvilagus dicei","7/15/2012","22:00:06"
"C11-12","Sylvilagus dicei","7/18/2012","23:15:44"
"C11-12","Sylvilagus dicei","7/20/2012","2:49:36"
"C11-12","Sylvilagus dicei","7/22/2012","3:28:33"
"C11-12","Sylvilagus dicei","7/26/2012","18:49:52"
"C11-12","Sylvilagus dicei","8/3/2012","1:38:33"
"C11-12","Sylvilagus dicei","7/7/2013","2:08:21"
"C11-12","Sylvilagus dicei","8/31/2013","1:52:18"
"C11-12","Sylvilagus dicei","9/28/2013","1:15:38"
"C11-12","Sylvilagus dicei","10/20/2013","3:40:01"
"C11-12","Sylvilagus dicei","11/19/2013","18:15:30"
"C11-12","Sylvilagus dicei","12/8/2013","21:55:31"
"C11-12","Sylvilagus dicei","12/14/2013","3:14:48"
"C11-12","Sylvilagus dicei","12/18/2013","0:11:28"
"C11-12","Sylvilagus dicei","12/26/2013","23:45:31"
"C11-12","Sylvilagus dicei","4/30/2014","19:28:50"
"C11-12","Sylvilagus dicei","9/9/2014","21:05:05"
"C11-12","Sylvilagus dicei","10/4/2014","17:48:00"
"C11-12","Sylvilagus dicei","11/15/2014","3:46:53"
"C11-12","Sylvilagus dicei","11/21/2014","20:44:28"
"C11-12","Sylvilagus dicei","3/28/2015","22:36:46"
"C11-12","Sylvilagus dicei","5/9/2015","15:12:09"
"C11-12","Sylvilagus dicei","3/21/2016","3:05:38"
"C13-14","Sylvilagus dicei","6/27/2012","19:08:12"
"C13-14","Sylvilagus dicei","6/30/2012","4:23:34"
"C13-14","Sylvilagus dicei","7/4/2012","21:16:33"
"C13-14","Sylvilagus dicei","7/7/2012","4:16:41"
"C13-14","Sylvilagus dicei","7/12/2012","23:01:58"
"C13-14","Sylvilagus dicei","7/16/2012","1:27:05"
"C13-14","Sylvilagus dicei","7/18/2012","23:34:04"
"C13-14","Sylvilagus dicei","7/21/2012","2:28:58"
"C13-14","Sylvilagus dicei","7/25/2012","3:35:26"
"C13-14","Sylvilagus dicei","7/26/2012","21:09:40"
"C13-14","Sylvilagus dicei","7/30/2012","3:58:21"
"C13-14","Sylvilagus dicei","8/2/2012","5:23:09"
"C13-14","Sylvilagus dicei","8/5/2012","4:57:56"
"C13-14","Sylvilagus dicei","8/9/2012","0:27:30"
"C13-14","Sylvilagus dicei","8/12/2012","3:58:21"
"C13-14","Sylvilagus dicei","8/17/2012","4:21:16"
"C13-14","Sylvilagus dicei","8/18/2012","19:17:22"
"C13-14","Sylvilagus dicei","8/21/2012","4:39:36"
"C13-14","Sylvilagus dicei","8/25/2012","1:56:53"
"C13-14","Sylvilagus dicei","8/28/2012","23:43:14"
"C13-14","Sylvilagus dicei","9/3/2012","23:59:16"
"C13-14","Sylvilagus dicei","9/5/2012","3:56:04"
"C13-14","Sylvilagus dicei","9/8/2012","1:33:58"
"C13-14","Sylvilagus dicei","9/10/2012","3:33:08"
"C13-14","Sylvilagus dicei","9/12/2012","3:58:21"
"C13-14","Sylvilagus dicei","9/19/2012","3:51:28"
"C13-14","Sylvilagus dicei","9/20/2012","23:13:26"
"C13-14","Sylvilagus dicei","9/22/2012","19:47:10"
"C13-14","Sylvilagus dicei","9/26/2012","0:04:35"
"C13-14","Sylvilagus dicei","9/27/2012","0:06:53"
"C13-14","Sylvilagus dicei","9/28/2012","21:30:18"
"C13-14","Sylvilagus dicei","10/3/2012","18:59:02"
"C13-14","Sylvilagus dicei","10/6/2012","23:36:21"
"C13-14","Sylvilagus dicei","10/10/2012","3:42:18"
"C13-14","Sylvilagus dicei","10/19/2012","23:34:04"
"C13-14","Sylvilagus dicei","10/21/2012","17:29:40"
"C13-14","Sylvilagus dicei","10/24/2012","17:41:07"
"C13-14","Sylvilagus dicei","10/25/2012","19:47:10"
"C13-14","Sylvilagus dicei","10/30/2012","17:29:40"
"C13-14","Sylvilagus dicei","11/3/2012","3:28:33"
"C13-14","Sylvilagus dicei","11/9/2012","22:11:33"
"C13-14","Sylvilagus dicei","11/15/2012","22:18:26"
"C13-14","Sylvilagus dicei","12/4/2012","1:01:53"
"C13-14","Sylvilagus dicei","1/20/2013","3:42:18"
"C13-14","Sylvilagus dicei","1/25/2013","22:39:03"
"C13-14","Sylvilagus dicei","1/30/2013","21:34:53"
"C13-14","Sylvilagus dicei","2/4/2013","5:00:14"
"C13-14","Sylvilagus dicei","5/15/2013","1:43:08"
"C13-14","Sylvilagus dicei","5/17/2013","1:52:18"
"C13-14","Sylvilagus dicei","5/21/2013","1:17:55"
"C13-14","Sylvilagus dicei","5/22/2013","22:55:06"
"C13-14","Sylvilagus dicei","6/15/2013","2:42:43"
"C13-14","Sylvilagus dicei","8/18/2013","20:55:55"
"C13-14","Sylvilagus dicei","12/30/2013","21:16:33"
"C13-14","Sylvilagus dicei","1/13/2014","4:44:11"
"C13-14","Sylvilagus dicei","1/19/2014","19:51:45"
"C13-14","Sylvilagus dicei","9/1/2014","22:29:53"
"C13-14","Sylvilagus dicei","9/6/2014","17:54:52"
"C13-14","Sylvilagus dicei","9/22/2014","17:57:10"
"C13-14","Sylvilagus dicei","10/2/2014","17:43:25"
"C13-14","Sylvilagus dicei","10/4/2014","21:23:26"
"C13-14","Sylvilagus dicei","10/6/2014","22:06:58"
"C13-14","Sylvilagus dicei","10/24/2014","4:09:49"
"C13-14","Sylvilagus dicei","11/1/2014","4:30:26"
"C13-14","Sylvilagus dicei","11/12/2014","21:21:08"
"C13-14","Sylvilagus dicei","11/21/2014","19:58:38"
"C13-14","Sylvilagus dicei","11/23/2014","23:04:16"
"C13-14","Sylvilagus dicei","12/9/2014","3:28:33"
"C15-16","Sylvilagus dicei","9/17/2013","2:06:03"
"C15-16","Sylvilagus dicei","9/19/2013","22:04:41"
"C15-16","Sylvilagus dicei","9/22/2013","1:36:15"
"C15-16","Sylvilagus dicei","9/23/2013","2:35:51"
"C15-16","Sylvilagus dicei","11/6/2013","5:48:22"
"C15-16","Sylvilagus dicei","11/11/2013","18:15:30"
"C15-16","Sylvilagus dicei","4/11/2014","23:36:21"
"C15-16","Sylvilagus dicei","4/18/2014","23:47:49"
"C15-16","Sylvilagus dicei","5/7/2014","3:42:18"
"C15-16","Sylvilagus dicei","7/7/2014","18:33:50"
"C15-16","Sylvilagus dicei","7/12/2014","0:52:43"
"C15-16","Sylvilagus dicei","11/25/2014","1:15:38"
"C15-16","Sylvilagus dicei","12/21/2014","20:19:15"
"C17-18","Sylvilagus dicei","10/2/2014","19:15:05"
"C17-18","Sylvilagus dicei","11/24/2014","20:49:03"
"C17-18","Sylvilagus dicei","12/2/2014","21:53:13"
"C17-18","Sylvilagus dicei","12/8/2014","4:25:51"
"C17-18","Sylvilagus dicei","12/11/2014","19:42:35"
"C19-20","Sylvilagus dicei","10/15/2014","19:31:08"
"C19-20","Sylvilagus dicei","10/23/2014","20:12:23"
"C19-20","Sylvilagus dicei","10/25/2014","19:28:50"
"C19-20","Sylvilagus dicei","11/4/2014","19:03:37"
"C19-20","Sylvilagus dicei","11/11/2014","1:20:13"
"C19-20","Sylvilagus dicei","11/18/2014","17:34:15"
"C19-20","Sylvilagus dicei","12/3/2014","17:59:27"
"C19-20","Sylvilagus dicei","12/4/2014","19:28:50"
"C19-20","Sylvilagus dicei","12/8/2014","17:31:57"
"C19-20","Sylvilagus dicei","12/9/2014","20:03:13"
"C19-20","Sylvilagus dicei","1/3/2019","0:41:15"
"C19-20","Sylvilagus dicei","1/27/2019","21:11:58"
"C19-20","Sylvilagus dicei","3/28/2019","22:57:23"
"C3-4R","Sylvilagus dicei","6/30/2012","21:50:56"
"C3-4R","Sylvilagus dicei","7/3/2012","3:17:06"
"C3-4R","Sylvilagus dicei","7/23/2012","5:09:24"
"C3-4R","Sylvilagus dicei","7/26/2012","17:50:17"
"C3-4R","Sylvilagus dicei","7/31/2012","17:27:22"
"C3-4R","Sylvilagus dicei","8/15/2012","5:13:59"
"C3-4R","Sylvilagus dicei","8/17/2012","18:13:12"
"C3-4R","Sylvilagus dicei","8/28/2012","18:06:20"
"C3-4R","Sylvilagus dicei","8/30/2012","0:59:35"
"C3-4R","Sylvilagus dicei","8/31/2012","1:40:50"
"C3-4R","Sylvilagus dicei","9/3/2012","17:59:27"
"C3-4R","Sylvilagus dicei","9/5/2012","1:20:13"
"C3-4R","Sylvilagus dicei","9/7/2012","18:04:02"
"C3-4R","Sylvilagus dicei","9/11/2012","17:43:25"
"C3-4R","Sylvilagus dicei","9/12/2012","18:22:22"
"C3-4R","Sylvilagus dicei","9/15/2012","18:10:55"
"C3-4R","Sylvilagus dicei","9/28/2012","4:41:54"
"C3-4R","Sylvilagus dicei","10/4/2012","4:48:46"
"C3-4R","Sylvilagus dicei","10/8/2012","3:49:11"
"C3-4R","Sylvilagus dicei","10/11/2012","2:56:28"
"C3-4R","Sylvilagus dicei","10/22/2012","21:53:13"
"C3-4R","Sylvilagus dicei","10/25/2012","20:19:15"
"C3-4R","Sylvilagus dicei","10/28/2012","3:53:46"
"C3-4R","Sylvilagus dicei","10/30/2012","0:13:45"
"C3-4R","Sylvilagus dicei","11/3/2012","23:52:24"
"C3-4R","Sylvilagus dicei","11/5/2012","3:10:13"
"C3-4R","Sylvilagus dicei","11/16/2012","2:40:26"
"C3-4R","Sylvilagus dicei","1/18/2013","19:05:55"
"C3-4R","Sylvilagus dicei","1/22/2013","23:45:31"
"C3-4R","Sylvilagus dicei","1/24/2013","0:29:48"
"C3-4R","Sylvilagus dicei","5/14/2013","18:20:05"
"C3-4R","Sylvilagus dicei","5/17/2013","20:53:38"
"C3-4R","Sylvilagus dicei","5/19/2013","20:33:00"
"C3-4R","Sylvilagus dicei","5/21/2013","21:39:28"
"C3-4R","Sylvilagus dicei","5/23/2013","23:59:16"
"C3-4R","Sylvilagus dicei","5/26/2013","21:02:48"
"C3-4R","Sylvilagus dicei","6/5/2013","0:55:00"
"C3-4R","Sylvilagus dicei","6/11/2013","4:37:19"
"C3-4R","Sylvilagus dicei","7/13/2013","19:31:08"
"C3-4R","Sylvilagus dicei","7/19/2013","21:37:11"
"C3-4R","Sylvilagus dicei","7/24/2013","3:28:33"
"C3-4R","Sylvilagus dicei","9/14/2013","22:11:33"
"C3-4R","Sylvilagus dicei","9/17/2013","23:54:41"
"C5-6","Sylvilagus dicei","6/29/2012","21:48:38"
"C5-6","Sylvilagus dicei","7/1/2012","21:55:31"
"C5-6","Sylvilagus dicei","7/26/2012","21:00:30"
"C5-6","Sylvilagus dicei","7/30/2012","22:59:41"
"C5-6","Sylvilagus dicei","7/31/2012","23:01:58"
"C5-6","Sylvilagus dicei","8/19/2012","2:15:13"
"C5-6","Sylvilagus dicei","8/30/2012","1:06:28"
"C5-6","Sylvilagus dicei","8/31/2012","2:58:46"
"C5-6","Sylvilagus dicei","9/4/2012","2:12:56"
"C5-6","Sylvilagus dicei","10/25/2012","21:57:48"
"C5-6","Sylvilagus dicei","10/31/2012","0:36:40"
"C5-6","Sylvilagus dicei","5/14/2013","20:33:00"
"C5-6","Sylvilagus dicei","5/18/2013","18:29:15"
"C5-6","Sylvilagus dicei","5/20/2013","0:27:30"
"C5-6","Sylvilagus dicei","6/5/2013","22:20:43"
"C5-6","Sylvilagus dicei","7/6/2013","3:37:43"
"C5-6","Sylvilagus dicei","7/15/2013","3:12:31"
"C5-6","Sylvilagus dicei","7/18/2013","22:48:13"
"C5-6","Sylvilagus dicei","6/8/2014","21:14:15"
"C7-8","Sylvilagus dicei","6/28/2012","21:11:58"
"C7-8","Sylvilagus dicei","6/30/2012","22:32:11"
"C7-8","Sylvilagus dicei","7/3/2012","18:22:22"
"C7-8","Sylvilagus dicei","7/18/2012","21:02:48"
"C7-8","Sylvilagus dicei","7/21/2012","18:43:00"
"C7-8","Sylvilagus dicei","7/25/2012","20:28:25"
"C7-8","Sylvilagus dicei","7/31/2012","21:32:36"
"C7-8","Sylvilagus dicei","8/1/2012","23:40:56"
"C7-8","Sylvilagus dicei","8/10/2012","0:50:25"
"C7-8","Sylvilagus dicei","8/12/2012","4:05:14"
"C7-8","Sylvilagus dicei","8/17/2012","3:07:56"
"C7-8","Sylvilagus dicei","8/18/2012","22:04:41"
"C7-8","Sylvilagus dicei","8/22/2012","0:41:15"
"C7-8","Sylvilagus dicei","8/28/2012","18:17:47"
"C7-8","Sylvilagus dicei","9/3/2012","4:55:39"
"C7-8","Sylvilagus dicei","9/5/2012","4:00:39"
"C7-8","Sylvilagus dicei","9/12/2012","18:06:20"
"C7-8","Sylvilagus dicei","9/14/2012","3:14:48"
"C7-8","Sylvilagus dicei","9/16/2012","18:33:50"
"C7-8","Sylvilagus dicei","10/6/2012","0:16:03"
"C7-8","Sylvilagus dicei","10/12/2012","22:00:06"
"C7-8","Sylvilagus dicei","10/14/2012","23:15:44"
"C7-8","Sylvilagus dicei","10/19/2012","3:35:26"
"C7-8","Sylvilagus dicei","10/23/2012","22:57:23"
"C7-8","Sylvilagus dicei","11/4/2012","0:00:00"
"C7-8","Sylvilagus dicei","11/4/2012","23:04:16"
"C7-8","Sylvilagus dicei","11/8/2012","1:31:40"
"C7-8","Sylvilagus dicei","11/11/2012","17:36:32"
"C7-8","Sylvilagus dicei","11/16/2012","2:06:03"
"C7-8","Sylvilagus dicei","11/21/2012","5:13:59"
"C7-8","Sylvilagus dicei","1/17/2013","1:24:48"
"C7-8","Sylvilagus dicei","1/27/2013","5:11:41"
"C9-10R","Sylvilagus dicei","6/29/2012","3:21:41"
"C9-10R","Sylvilagus dicei","6/30/2012","23:22:36"
"C9-10R","Sylvilagus dicei","7/16/2012","22:04:41"
"C9-10R","Sylvilagus dicei","7/21/2012","18:36:07"
"C9-10R","Sylvilagus dicei","7/24/2012","4:48:46"
"C9-10R","Sylvilagus dicei","7/27/2012","0:43:33"
"C9-10R","Sylvilagus dicei","8/2/2012","20:21:33"
"C9-10R","Sylvilagus dicei","8/6/2012","4:00:39"
"C9-10R","Sylvilagus dicei","8/26/2012","23:40:56"
"C9-10R","Sylvilagus dicei","8/30/2012","3:37:43"
"C9-10R","Sylvilagus dicei","9/1/2012","3:05:38"
"C9-10R","Sylvilagus dicei","9/2/2012","23:47:49"
"C9-10R","Sylvilagus dicei","9/5/2012","1:38:33"
"C9-10R","Sylvilagus dicei","9/7/2012","18:43:00"
"C9-10R","Sylvilagus dicei","9/12/2012","3:37:43"
"C9-10R","Sylvilagus dicei","9/18/2012","0:20:38"
"C9-10R","Sylvilagus dicei","9/20/2012","2:19:48"
"C9-10R","Sylvilagus dicei","9/24/2012","20:35:18"
"C9-10R","Sylvilagus dicei","9/29/2012","1:36:15"
"C9-10R","Sylvilagus dicei","10/9/2012","4:51:04"
"C9-10R","Sylvilagus dicei","10/21/2012","17:13:37"
"C9-10R","Sylvilagus dicei","10/24/2012","4:32:44"
"C9-10R","Sylvilagus dicei","10/27/2012","19:51:45"
"C9-10R","Sylvilagus dicei","10/31/2012","17:25:05"
"C9-10R","Sylvilagus dicei","11/21/2012","17:25:05"
"C9-10R","Sylvilagus dicei","11/23/2012","5:11:41"
"C9-10R","Sylvilagus dicei","1/26/2013","18:52:10"
"C9-10R","Sylvilagus dicei","2/2/2013","4:41:54"
"C9-10R","Sylvilagus dicei","5/17/2013","21:09:40"
"C9-10R","Sylvilagus dicei","5/19/2013","19:49:28"
"C9-10R","Sylvilagus dicei","5/21/2013","5:36:54"
"C9-10R","Sylvilagus dicei","5/24/2013","5:02:31"
"C9-10R","Sylvilagus dicei","5/26/2013","5:34:36"
"C9-10R","Sylvilagus dicei","5/30/2013","2:26:41"
"C9-10R","Sylvilagus dicei","5/31/2013","4:51:04"
"C9-10R","Sylvilagus dicei","6/9/2013","0:00:00"
"C9-10R","Sylvilagus dicei","6/10/2013","16:55:17"
"C9-10R","Sylvilagus dicei","6/14/2013","4:21:16"
"C9-10R","Sylvilagus dicei","6/16/2013","18:47:35"
"C9-10R","Sylvilagus dicei","6/25/2013","4:41:54"
"C9-10R","Sylvilagus dicei","6/29/2013","5:04:49"
"C9-10R","Sylvilagus dicei","7/2/2013","3:49:11"
"VM13","Sylvilagus dicei","7/12/2014","22:25:18"
"VM14","Sylvilagus dicei","10/28/2014","19:49:28"
"VM14","Sylvilagus dicei","1/3/2015","19:40:18"
"VM14","Sylvilagus dicei","2/26/2015","21:23:26"
"VM14","Sylvilagus dicei","3/6/2015","0:36:40"
"VM14","Sylvilagus dicei","3/8/2015","21:48:38"
"A15-16","Tamandua mexicana","8/8/2012","17:52:35"
"A17-18","Tamandua mexicana","7/28/2012","23:01:58"
"A17-18","Tamandua mexicana","4/24/2013","0:09:10"
"A17-18","Tamandua mexicana","9/4/2014","21:44:03"
"A17-18","Tamandua mexicana","11/23/2014","17:11:19"
"A7-8","Tamandua mexicana","2/7/2014","4:12:06"
"Emily","Tapirus bairdii","6/6/2016","19:31:57"
"Emily","Tapirus bairdii","7/25/2016","0:32:08"
"C1-2","Tapirus bairdii","3/27/2016","19:44:53"
"C1-2","Tapirus bairdii","8/24/2016","20:58:13"
"C1-2","Tapirus bairdii","10/2/2016","1:27:05"
"C1-2","Tapirus bairdii","10/16/2016","17:22:47"
"C1-2","Tapirus bairdii","10/29/2016","0:36:40"
"C1-2","Tapirus bairdii","10/31/2016","15:30:29"
"C1-2R","Tapirus bairdii","1/1/2014","17:41:07"
"C1-2R","Tapirus bairdii","5/2/2014","21:25:43"
"C1-2R","Tapirus bairdii","5/19/2014","18:47:35"
"C9-10","Tapirus bairdii","9/7/2016","21:48:38"
"C9-10","Tapirus bairdii","9/27/2016","18:33:50"
"C9-10","Tapirus bairdii","11/20/2016","1:22:30"
"C9-10","Tapirus bairdii","12/18/2016","23:06:33"
"C9-10","Tapirus bairdii","2/19/2017","23:47:49"
"C9-10","Tapirus bairdii","4/3/2017","21:07:23"
"C9-10","Tapirus bairdii","4/24/2017","1:22:30"
"C9-10","Tapirus bairdii","4/28/2017","0:43:33"
"C11-12","Tapirus bairdii","7/3/2012","12:43:11"
"C11-12","Tapirus bairdii","7/7/2014","18:26:57"
"C11-12","Tapirus bairdii","7/21/2014","17:04:27"
"C11-12","Tapirus bairdii","7/29/2014","15:28:11"
"C11-12","Tapirus bairdii","8/6/2014","21:57:48"
"C11-12","Tapirus bairdii","4/27/2015","18:54:27"
"C11-12","Tapirus bairdii","8/22/2016","15:57:59"
"C13-14","Tapirus bairdii","9/3/2014","6:54:49"
"C13-14","Tapirus bairdii","10/10/2014","19:19:40"
"C15-16","Tapirus bairdii","5/27/2014","0:41:15"
"C17-18","Tapirus bairdii","4/10/2016","22:16:08"
"C17-18","Tapirus bairdii","5/9/2016","19:38:00"
"C19-20","Tapirus bairdii","9/21/2016","2:38:08"
"C19-20","Tapirus bairdii","10/22/2016","0:38:58"
"C19-20","Tapirus bairdii","12/22/2016","21:23:26"
"C19-20","Tapirus bairdii","3/6/2019","20:05:30"
"C3-4R","Tapirus bairdii","1/15/2015","21:44:03"
"C3-4","Tapirus bairdii","10/15/2016","21:09:40"
"C3-4","Tapirus bairdii","10/24/2016","20:55:55"
"C3-4","Tapirus bairdii","12/2/2016","1:27:05"
"C3-4","Tapirus bairdii","12/29/2016","0:34:23"
"C3-4","Tapirus bairdii","12/31/2016","15:28:11"
"C3-4","Tapirus bairdii","1/3/2017","3:14:48"
"C3-4","Tapirus bairdii","1/28/2017","19:01:20"
"C3-4","Tapirus bairdii","2/1/2017","22:39:03"
"C3-4","Tapirus bairdii","2/4/2017","16:57:34"
"C3-4","Tapirus bairdii","2/20/2017","20:42:10"
"C3-4","Tapirus bairdii","2/24/2017","18:56:45"
"C3-4","Tapirus bairdii","2/26/2017","0:52:43"
"C3-4","Tapirus bairdii","3/6/2017","0:27:30"
"C3-4","Tapirus bairdii","3/19/2017","21:23:26"
"C3-4","Tapirus bairdii","3/21/2017","20:58:13"
"C5-6","Tapirus bairdii","9/25/2012","1:01:53"
"C7-8","Tapirus bairdii","7/19/2013","21:00:30"
"C7-8","Tapirus bairdii","8/21/2013","2:54:11"
"C7-8","Tapirus bairdii","8/25/2013","18:47:35"
"C7-8","Tapirus bairdii","8/29/2013","12:45:28"
"C7-8","Tapirus bairdii","10/5/2013","19:58:38"
"C7-8","Tapirus bairdii","11/14/2013","21:34:53"
"C7-8","Tapirus bairdii","11/16/2013","19:12:47"
"C7-8","Tapirus bairdii","11/28/2013","2:10:38"
"C7-8","Tapirus bairdii","12/25/2013","18:38:25"
"C7-8","Tapirus bairdii","12/30/2013","3:56:04"
"C7-8","Tapirus bairdii","1/8/2014","11:57:21"
"C9-10R","Tapirus bairdii","5/19/2013","21:46:21"
"C9-10R","Tapirus bairdii","7/21/2013","17:36:32"
"C9-10R","Tapirus bairdii","12/31/2013","18:52:10"
"C9-10R","Tapirus bairdii","1/24/2014","16:36:57"
"C9-10R","Tapirus bairdii","2/10/2014","15:23:36"
"C9-10R","Tapirus bairdii","2/18/2014","21:57:48"
"C9-10R","Tapirus bairdii","3/5/2014","17:22:47"
"C9-10R","Tapirus bairdii","3/8/2014","22:25:18"
"C9-10R","Tapirus bairdii","3/23/2014","22:32:11"
"C9-10R","Tapirus bairdii","3/30/2014","23:29:29"
"C9-10R","Tapirus bairdii","4/5/2014","0:16:03"
"C9-10R","Tapirus bairdii","4/17/2014","3:05:38"
"C9-10R","Tapirus bairdii","7/29/2014","22:09:16"
"C9-10R","Tapirus bairdii","9/18/2014","2:01:28"
"C9-10R","Tapirus bairdii","9/25/2014","3:51:28"
"C9-10R","Tapirus bairdii","10/15/2014","21:28:01"
"C9-10R","Tapirus bairdii","10/17/2014","2:47:18"
"C9-10R","Tapirus bairdii","10/28/2014","17:18:12"
"C9-10R","Tapirus bairdii","11/4/2014","19:05:55"
"C9-10R","Tapirus bairdii","11/6/2014","19:31:08"
"C9-10R","Tapirus bairdii","11/12/2014","0:27:30"
"C9-10R","Tapirus bairdii","11/23/2014","19:49:28"
"C9-10R","Tapirus bairdii","12/7/2014","19:01:20"
"C9-10R","Tapirus bairdii","12/23/2014","20:19:15"
"C9-10R","Tapirus bairdii","12/26/2014","18:15:30"
"C9-10R","Tapirus bairdii","2/14/2015","19:05:55"
"C9-10R","Tapirus bairdii","2/24/2015","8:37:57"
"C9-10R","Tapirus bairdii","2/25/2015","17:48:00"
"C9-10R","Tapirus bairdii","3/5/2015","23:54:41"
"C9-10R","Tapirus bairdii","3/11/2015","16:55:17"
"C9-10R","Tapirus bairdii","3/15/2015","6:34:12"
"C9-10R","Tapirus bairdii","3/21/2015","5:02:31"
"C9-10R","Tapirus bairdii","4/2/2015","22:13:51"
"C9-10R","Tapirus bairdii","4/11/2015","16:55:17"
"C9-10R","Tapirus bairdii","4/21/2015","14:21:44"
"Molina","Tapirus bairdii","10/1/2013","7:26:54"
"VM13","Tapirus bairdii","8/21/2014","19:35:43"
"VM13","Tapirus bairdii","8/24/2014","20:21:33"
"VM13","Tapirus bairdii","9/10/2014","2:47:18"
"VM13","Tapirus bairdii","10/4/2014","4:18:59"
"VM13","Tapirus bairdii","1/20/2015","20:14:40"
"VM13","Tapirus bairdii","1/28/2015","4:55:39"
"VM13","Tapirus bairdii","2/1/2015","17:06:44"
"VM13","Tapirus bairdii","7/10/2016","22:05:32"
"VM13","Tapirus bairdii","7/22/2016","21:48:15"
"VM13","Tapirus bairdii","8/28/2016","22:32:53"
"VM13","Tapirus bairdii","9/13/2016","21:53:19"
"VM13","Tapirus bairdii","9/23/2016","19:08:36"
"VM13","Tapirus bairdii","10/6/2016","4:20:38"
"VM13","Tapirus bairdii","10/29/2016","0:06:13"
"VM13","Tapirus bairdii","12/4/2016","0:59:31"
"VM13","Tapirus bairdii","12/9/2016","19:51:36"
"VM13","Tapirus bairdii","12/23/2016","0:00:50"
"VM13","Tapirus bairdii","5/23/2017","15:14:26"
"VM14","Tapirus bairdii","6/22/2014","21:07:23"
"VM14","Tapirus bairdii","7/21/2014","5:18:34"
"VM14","Tapirus bairdii","11/2/2014","5:55:14"
"VM14","Tapirus bairdii","1/13/2015","0:27:30"
"VM14","Tapirus bairdii","3/15/2015","0:20:38"
"VM15","Tapirus bairdii","8/21/2014","19:26:33"
"VM15","Tapirus bairdii","8/29/2014","21:34:53"
"VM15","Tapirus bairdii","9/10/2014","3:12:31"
"VM15","Tapirus bairdii","9/12/2014","7:13:09"
"VM15","Tapirus bairdii","9/16/2014","11:48:11"
"VM15","Tapirus bairdii","10/4/2014","4:46:29"
"VM15","Tapirus bairdii","1/12/2015","0:32:05"
"VM15","Tapirus bairdii","1/14/2015","8:37:57"
"VM15","Tapirus bairdii","1/19/2015","1:47:43"
"VM15","Tapirus bairdii","2/1/2015","16:55:17"
"VM28","Tapirus bairdii","8/1/2014","21:05:05"
"VM28","Tapirus bairdii","8/6/2014","2:15:13"
"VM28","Tapirus bairdii","8/10/2014","19:05:55"
"VM28","Tapirus bairdii","8/15/2014","19:42:35"
"VM28","Tapirus bairdii","8/16/2014","20:51:20"
"VM28","Tapirus bairdii","8/19/2014","7:17:44"
"VM28","Tapirus bairdii","9/6/2014","23:40:56"
"VM28","Tapirus bairdii","11/9/2014","4:41:54"
"VM28","Tapirus bairdii","1/28/2015","5:11:41"
