"date","lat","lon","hour","solar"
10-03-06,5.4699782,101.4663839,0.820304748437335,6.28318343757271
10-05-12,5.4699782,101.4663839,3.87026761629743,6.28318448138677
10-04-08,5.4821221,101.4962292,4.78656547359445,6.28318479497898
10-04-16,5.4821221,101.4962292,5.02654824574367,6.28318487711027
10-05-03,5.4821221,101.4962292,5.51524043630208,6.28318504435945
10-05-07,5.4821221,101.4962292,1.7235126363444,6.28318374668502
10-05-07,5.4821221,101.4962292,2.45218759905203,6.28318399606549
10-05-07,5.4821221,101.4962292,5.22289778659303,6.2831849443086
10-05-08,5.4821221,101.4962292,1.98094870101356,6.2831838347895
10-01-22,5.4750182,101.4945023,5.11381470834339,6.2831849069762
9-11-08,5.4721605,101.5034418,1.76714586764426,6.28318376161802
9-11-26,5.4721605,101.5034418,5.90357619487082,6.28318517726282
9-11-27,5.4721605,101.5034418,5.22726110972302,6.2831849458019
10-03-09,5.4826549,101.5513501,5.73340659280137,6.28318511902426
10-03-16,5.4826549,101.5513501,5.37997741927252,6.28318499806727
10-03-19,5.4826549,101.5513501,5.53705705195201,6.28318505182593
10-04-30,5.4826549,101.5513501,1.30463361586576,6.28318360332858
10-05-03,5.4826549,101.5513501,4.36768645311581,6.28318465162254
10-05-03,5.4826549,101.5513501,4.54658270144523,6.28318471284769
9-09-05,5.3157186,101.4526504,5.94284610304069,6.28318519070248
9-09-14,5.3157186,101.4526504,5.76831317784126,6.28318513097063
9-10-25,5.3157186,101.4526504,0.475602221168455,6.28318331960235
10-01-10,5.4629376,101.5091117,5.41488400431241,6.28318501001364
10-01-16,5.4629376,101.5091117,5.18362787842316,6.28318493086894
10-01-25,5.4629376,101.5091117,6.16101225953998,6.28318526536729
10-03-03,5.4558748,101.5112786,5.60687022203178,6.28318507571867
10-03-23,5.4558748,101.5112786,0,6.28318315683302
10-03-23,5.4558748,101.5112786,0.68940505453776,6.28318339277382
10-03-29,5.4558748,101.5112786,6.05192918129034,6.28318522803489
10-04-22,5.4558748,101.5112786,0.973021057986839,6.28318348983807
10-04-24,5.4558748,101.5112786,5.71158997715144,6.28318511155778
10-04-25,5.4558748,101.5112786,0.545415391248228,6.28318334349504
10-02-27,5.4652264,101.5291782,5.29707427980279,6.28318496969464
10-05-10,5.4652264,101.5291782,5.37997741927252,6.28318499806727
10-01-19,5.4546703,101.5210511,5.74649656219133,6.28318512350415
10-04-10,5.465888,101.5416471,5.83376302479105,6.28318515337008
10-04-13,5.465888,101.5416471,5.56760031386191,6.283185062279
10-04-14,5.465888,101.5416471,1.845685683984,6.28318378849732
10-01-09,5.4606835,101.5470023,5.32761754171269,6.28318498014771
10-01-09,5.4606835,101.5470023,5.65923009959161,6.28318509363822
10-01-09,5.4606835,101.5470023,6.0650191506803,6.28318523251478
10-01-11,5.4606835,101.5470023,1.38753675533549,6.28318363170121
10-01-14,5.4606835,101.5470023,1.30027029273578,6.28318360183529
10-01-16,5.4606835,101.5470023,1.19118721448613,6.28318356450288
10-01-17,5.4606835,101.5470023,0.410152374218667,6.28318329720285
10-01-18,5.4606835,101.5470023,1.80641577581413,6.28318377505765
10-01-31,5.4606835,101.5470023,0.418879020478639,6.28318330018945
9-11-14,5.4440777,101.5050598,5.14435797025329,6.28318491742928
9-12-10,5.4440777,101.5050598,4.93928178314395,6.28318484724435
9-12-13,5.4440777,101.5050598,5.03091156887365,6.28318487860357
9-12-17,5.4440777,101.5050598,2.52200076913181,6.28318401995824
9-12-19,5.4440777,101.5050598,6.17846555205993,6.28318527134048
10-01-13,5.4440777,101.5050598,5.6330501608117,6.28318508467845
10-02-03,5.4440777,101.5050598,0.15707963267949,6.28318321059167
10-03-15,5.4441306,101.5287998,1.05592419745657,6.28318351821071
9-11-17,5.4368948,101.5224077,1.47480321793521,6.28318366156717
9-10-30,5.4405408,101.5364893,4.99600498383377,6.28318486665721
9-11-17,5.4405408,101.5364893,5.43233729683235,6.28318501598683
9-12-07,5.4405408,101.5364893,1.31772358525572,6.28318360780849
9-12-07,5.4405408,101.5364893,2.31692458202247,6.28318394977332
9-12-07,5.4405408,101.5364893,5.2621676947629,6.28318495774827
9-12-11,5.4405408,101.5364893,2.23402144255274,6.28318392140069
9-12-10,5.4258658,101.4597997,1.57515964992488,6.28318369591296
9-11-01,5.4221621,101.4638881,1.31336026212573,6.28318360631522
9-11-27,5.4221621,101.4638881,1.12137404440636,6.28318354061016
10-03-22,5.4215936,101.5248222,4.95237175253391,6.28318485172424
10-04-13,5.4215936,101.5248222,5.25344104850293,6.28318495476168
10-03-25,5.4252929,101.5427486,5.0178215994837,6.28318487412368
10-04-04,5.4252929,101.5427486,1.03847090493663,6.28318351223752
10-04-22,5.4248369,101.5645706,1.41371669411541,6.28318364066099
9-10-31,5.4218157,101.5577397,1.55334303427495,6.28318368844651
9-11-08,5.4218157,101.5577397,5.09199809269346,6.28318489950972
9-12-08,5.4218157,101.5577397,5.49778714378214,6.28318503838627
10-01-09,5.4218157,101.5577397,1.74096592886434,6.28318375265821
10-01-10,5.4218157,101.5577397,2.07694180987325,6.28318386764202
10-01-16,5.4218157,101.5577397,5.90357619487082,6.28318517726281
10-01-17,5.4218157,101.5577397,0.0349065850398866,6.28318316877938
10-01-18,5.4218157,101.5577397,1.6013395887048,6.28318370487273
10-01-18,5.4218157,101.5577397,1.67987940504454,6.28318373175206
10-03-15,5.4017688,101.4752017,5.1705379090332,6.28318492638905
10-04-03,5.4017688,101.4752017,5.33198086484268,6.28318498164101
10-04-23,5.4017688,101.4752017,1.59697626557481,6.28318370337943
10-01-18,5.4109787,101.487992,1.61442955809475,6.28318370935261
10-02-18,5.380224,101.4199801,4.94364510627394,6.28318484873764
10-03-25,5.380224,101.4199801,2.05512519422332,6.28318386017554
9-10-13,5.3937242,101.4335148,0.410152374218667,6.28318329720291
9-10-21,5.3937242,101.4335148,5.38434074240251,6.28318499956057
9-12-09,5.3937242,101.4335148,5.231624432853,6.2831849472952
9-12-31,5.3937242,101.4335148,6.05629250442032,6.28318522952818
10-02-20,5.3808939,101.4367284,5.87303293296092,6.28318516680974
9-09-23,5.3792495,101.445761,1.52716309549504,6.28318367948674
10-01-01,5.3885556,101.4655582,5.60687022203178,6.28318507571867
10-01-19,5.3885556,101.4655582,1.91986217719376,6.28318381388335
10-01-19,5.3885556,101.4655582,5.27525766415286,6.28318496222816
10-02-24,5.3678756,101.4334159,5.27962098728285,6.28318496372145
9-10-05,5.3733131,101.4696432,5.71158997715144,6.28318511155779
9-10-21,5.3458513,101.4582315,1.59697626557481,6.28318370337947
9-11-29,5.3458513,101.4582315,1.71042266695444,6.28318374220515
9-10-06,5.35184,101.4677697,1.1082840750164,6.2831835361303
10-03-13,5.3478179,101.467006,0.942477796076938,6.283183479385
10-03-13,5.3478179,101.467006,1.54897971114497,6.28318368695318
9-09-15,5.3283087,101.4385977,0.53232542185827,6.2831833390152
10-01-27,5.314201,101.4551586,5.89921287174083,6.28318517576952
10-02-28,5.314201,101.4551586,0.811578102177363,6.28318343458611
9-09-18,5.3195248,101.4739894,5.52396708256205,6.28318504734605
10-01-23,5.3120092,101.465391,2.47400421470196,6.28318400353197
10-02-27,5.3120092,101.465391,5.35816080362259,6.28318499060079
9-12-03,5.3196321,101.4844926,1.71478599008443,6.28318374369845
9-12-05,5.3196321,101.4844926,5.36688744988256,6.28318499358738
9-12-06,5.3196321,101.4844926,1.06901416684653,6.2831835226906
10-01-27,5.3133017,101.4858406,5.24907772537295,6.28318495326838
9-09-02,5.3013492,101.4298007,1.41808001724539,6.28318364215432
9-10-04,5.3013492,101.4298007,1.62315620435473,6.28318371233926
10-01-10,5.3009255,101.4380877,5.17926455529317,6.28318492937564
10-02-04,5.3009255,101.4380877,0.903207887907066,6.28318346594533
10-03-13,5.3009255,101.4380877,1.50098315671512,6.28318367052692
9-11-03,5.2938275,101.4871077,5.76394985471127,6.28318512947734
9-12-11,5.2938275,101.4871077,1.85877565337396,6.28318379297722
9-12-29,5.2938275,101.4871077,5.03091156887365,6.28318487860357
9-08-21,5.2851361,101.4328547,5.48906049752217,6.28318503539968
9-09-05,5.2851361,101.4328547,6.17410222892994,6.28318526984718
9-09-25,5.2851361,101.4328547,1.79332580642417,6.28318377057781
9-10-01,5.2851361,101.4328547,0.475602221168455,6.28318331960236
9-11-13,5.2851361,101.4328547,5.14872129338327,6.28318491892257
9-12-04,5.2851361,101.4328547,5.22289778659303,6.2831849443086
9-12-04,5.2851361,101.4328547,5.22289778659303,6.2831849443086
9-12-27,5.2851361,101.4328547,1.35699349342559,6.28318362124814
9-11-01,5.2809571,101.450612,1.26972703082587,6.28318359138226
9-11-01,5.2809571,101.450612,1.8762289458939,6.28318379895043
9-11-01,5.2809571,101.450612,5.02218492261368,6.28318487561699
10-01-13,5.2733732,101.4473891,5.25344104850293,6.28318495476167
10-01-20,5.2733732,101.4473891,1.58824961931484,6.28318370039284
10-01-24,5.2717893,101.4743594,5.90357619487082,6.28318517726281
10-03-13,5.2717893,101.4743594,5.86866960983093,6.28318516531644
10-03-18,5.2717893,101.4743594,5.28834763354282,6.28318496670805
9-09-11,5.2859964,101.4879928,0.519235452468313,6.28318333453531
9-10-05,5.2859964,101.4879928,4.86946861306418,6.28318482335162
9-12-05,5.2859964,101.4879928,1.35263017029561,6.28318361975486
9-12-05,5.2859964,101.4879928,5.02654824574367,6.28318487711028
9-12-08,5.2859964,101.4879928,5.20980781720307,6.28318493982872
9-12-16,5.2859964,101.4879928,0.126536370769589,6.28318320013861
10-01-17,5.2745127,101.484031,2.11184839491314,6.28318387958838
10-01-24,5.2745127,101.484031,5.60687022203178,6.28318507571867
10-03-09,5.2745127,101.484031,0.20943951023932,6.28318322851124
10-03-13,5.2745127,101.484031,5.63741348394168,6.28318508617174
10-03-25,5.2745127,101.484031,6.00393262686049,6.28318521160863
10-01-30,5.2815555,101.5016007,2.11621171804312,6.28318388108168
10-02-13,5.2815555,101.5016007,5.06581815391354,6.28318489054994
10-02-27,5.2815555,101.5016007,5.17926455529317,6.28318492937564
10-03-10,5.2815555,101.5016007,4.80838208924438,6.28318480244546
10-03-18,5.2815555,101.5016007,5.61123354516177,6.28318507721197
9-09-28,5.2756659,101.5141953,1.85004900711399,6.28318378999066
9-12-08,5.2756659,101.5141953,2.17729824186293,6.28318390198784
10-01-01,5.2756659,101.5141953,2.21220482690281,6.2831839139342
9-12-29,5.2666182,101.4583964,0,6.28318315683301
10-01-01,5.2666182,101.4583964,1.37444678594553,6.28318362722132
9-09-01,5.2672933,101.4775336,6.04756585816035,6.28318522654159
9-09-10,5.2672933,101.4775336,0.0349065850398866,6.28318316877943
9-09-12,5.2672933,101.4775336,1.71478599008443,6.28318374369847
9-09-22,5.2672933,101.4775336,5.58505360638185,6.2831850682522
9-09-26,5.2672933,101.4775336,5.541420375082,6.28318505331923
9-10-09,5.2672933,101.4775336,5.47160720500222,6.28318502942649
9-10-13,5.2672933,101.4775336,1.67551608191456,6.28318373025881
9-11-02,5.2672933,101.4775336,5.61123354516177,6.28318507721197
9-11-03,5.2672933,101.4775336,5.36688744988256,6.28318499358739
9-11-05,5.2672933,101.4775336,5.7246799465414,6.28318511603767
9-11-09,5.2672933,101.4775336,5.55014702134197,6.28318505630582
9-11-11,5.2672933,101.4775336,1.17809724509617,6.28318356002303
9-11-29,5.2672933,101.4775336,4.7385689191646,6.28318477855273
9-12-26,5.2672933,101.4775336,5.42361065057238,6.28318501300023
9-12-27,5.2672933,101.4775336,2.48709418409192,6.28318400801186
10-01-01,5.2672933,101.4775336,0.0218166156499291,6.28318316429949
10-01-03,5.2672933,101.4775336,0.39706240482871,6.28318329272297
10-01-04,5.2672933,101.4775336,4.95237175253391,6.28318485172423
10-01-24,5.2639121,101.4872106,5.75085988532132,6.28318512499745
9-11-13,5.2615121,101.4938713,5.09199809269346,6.28318489950972
9-11-26,5.2615121,101.4938713,5.07454480017351,6.28318489353653
9-11-28,5.2615121,101.4938713,2.14675497995302,6.28318389153477
9-10-26,5.2642079,101.5044401,5.03527489200364,6.28318488009687
9-11-28,5.2642079,101.5044401,1.64060949687467,6.28318371831241
9-12-10,5.2642079,101.5044401,2.04639854796335,6.28318385718895
9-12-14,5.2642079,101.5044401,5.52833040569204,6.28318504883934
10-01-22,5.2629193,101.5121226,0.10471975511966,6.28318319267212
10-01-23,5.2629193,101.5121226,5.04400153826361,6.28318488308346
10-02-08,5.2629193,101.5121226,6.14355896702004,6.28318525939411
10-02-15,5.2629193,101.5121226,5.32325421858271,6.28318497865441
10-03-03,5.2629193,101.5121226,0.383972435438753,6.28318328824309
10-03-18,5.2629193,101.5121226,0.667588438887831,6.28318338530734
10-03-18,5.2629193,101.5121226,0.776671517137477,6.28318342263975
10-03-19,5.2629193,101.5121226,5.6025068989018,6.28318507422538
10-01-19,5.2463252,101.4921557,4.78656547359445,6.28318479497898
10-01-20,5.2463252,101.4921557,5.19235452468313,6.28318493385553
10-01-22,5.2463252,101.4921557,5.64177680707167,6.28318508766504
10-02-18,5.2463252,101.4921557,1.98967534727354,6.28318383777609
10-03-06,5.2463252,101.4921557,0.196349540849362,6.28318322403135
9-09-24,5.2395611,101.4940545,1.47916654106519,6.28318366306048
9-10-12,5.2395611,101.4940545,1.40935337098542,6.28318363916774
9-12-16,5.2395611,101.4940545,1.24354709204596,6.28318358242244
9-12-29,5.2395611,101.4940545,0.833394717827292,6.28318344205259
10-01-03,5.2395611,101.4940545,5.34070751110265,6.2831849846276
9-10-12,5.2447071,101.502795,4.86946861306418,6.28318482335162
9-12-28,5.2447071,101.502795,6.16973890579995,6.28318526835388
10-03-18,5.2342903,101.5110652,5.33634418797266,6.2831849831343
9-09-28,5.4369326,101.4626992,1.64060949687467,6.28318371831244
9-09-28,5.4369326,101.4626992,1.64060949687467,6.28318371831244
9-12-08,5.4369326,101.4626992,5.35816080362259,6.28318499060079
9-12-08,5.4369326,101.4626992,5.35816080362259,6.28318499060079
9-12-13,5.4369326,101.4626992,5.6025068989018,6.28318507422538
9-12-13,5.4369326,101.4626992,5.6025068989018,6.28318507422538
10-04-15,5.4086327,101.4378644,0.850848010347236,6.28318344802578
10-04-15,5.4086327,101.4378644,0.850848010347236,6.28318344802578
10-04-15,5.4086327,101.4378644,0.850848010347236,6.28318344802578
10-04-24,5.4086327,101.4378644,5.65486677646163,6.28318509214493
10-04-24,5.4086327,101.4378644,5.65486677646163,6.28318509214493
10-04-24,5.4086327,101.4378644,5.65486677646163,6.28318509214493
10-05-11,5.3949944,101.4227074,5.5108771131721,6.28318504286615
10-05-11,5.3949944,101.4227074,5.5108771131721,6.28318504286615
10-05-11,5.3949944,101.4227074,5.5108771131721,6.28318504286615
9-10-21,5.3435705,101.454207,0.685041731407774,6.28318339128057
9-10-21,5.3435705,101.454207,0.685041731407774,6.28318339128057
9-10-21,5.3435705,101.454207,0.685041731407774,6.28318339128057
9-10-13,5.2709458,101.4986553,4.96546172192387,6.28318485620414
9-10-13,5.2709458,101.4986553,4.96546172192387,6.28318485620414
9-10-13,5.2709458,101.4986553,4.96546172192387,6.28318485620414
9-11-28,5.2709458,101.4986553,0.327249234748937,6.28318326883025
9-11-28,5.2709458,101.4986553,0.327249234748937,6.28318326883025
9-11-28,5.2709458,101.4986553,0.327249234748937,6.28318326883025
9-12-07,5.2709458,101.4986553,4.23242343608625,6.28318460533036
9-12-07,5.2709458,101.4986553,4.23242343608625,6.28318460533036
9-12-07,5.2709458,101.4986553,4.23242343608625,6.28318460533036
9-12-28,5.2709458,101.4986553,1.36572013968556,6.28318362423473
9-12-28,5.2709458,101.4986553,1.36572013968556,6.28318362423473
9-12-28,5.2709458,101.4986553,1.36572013968556,6.28318362423473
9-12-30,5.2709458,101.4986553,5.37997741927252,6.28318499806727
9-12-30,5.2709458,101.4986553,5.37997741927252,6.28318499806727
9-12-30,5.2709458,101.4986553,5.37997741927252,6.28318499806727
10-01-14,5.2709458,101.4986553,1.73223928260437,6.28318374967161
10-01-14,5.2709458,101.4986553,1.73223928260437,6.28318374967161
10-01-14,5.2709458,101.4986553,1.73223928260437,6.28318374967161
10-01-16,5.2709458,101.4986553,0.715584993317675,6.28318340173359
10-01-16,5.2709458,101.4986553,0.715584993317675,6.28318340173359
10-01-16,5.2709458,101.4986553,0.715584993317675,6.28318340173359
10-03-03,5.2709458,101.4986553,0.911934534167037,6.28318346893193
10-03-03,5.2709458,101.4986553,0.911934534167037,6.28318346893193
10-03-03,5.2709458,101.4986553,0.911934534167037,6.28318346893193
10-03-14,5.2709458,101.4986553,5.70286333089147,6.28318510857119
10-03-14,5.2709458,101.4986553,5.70286333089147,6.28318510857119
10-03-14,5.2709458,101.4986553,5.70286333089147,6.28318510857119
9-12-16,5.2363296,101.4974904,1.37444678594553,6.28318362722133
9-12-16,5.2363296,101.4974904,1.37444678594553,6.28318362722133
9-12-16,5.2363296,101.4974904,1.37444678594553,6.28318362722133
9-12-29,5.2363296,101.4974904,0.754854901487548,6.28318341517326
9-12-29,5.2363296,101.4974904,0.754854901487548,6.28318341517326
9-12-29,5.2363296,101.4974904,0.754854901487548,6.28318341517326
10-01-03,5.2363296,101.4974904,5.41488400431241,6.28318501001364
10-01-03,5.2363296,101.4974904,5.41488400431241,6.28318501001364
10-01-03,5.2363296,101.4974904,5.41488400431241,6.28318501001364
10-01-17,5.2363296,101.4974904,5.96902604182061,6.28318519966226
10-01-17,5.2363296,101.4974904,5.96902604182061,6.28318519966226
10-01-17,5.2363296,101.4974904,5.96902604182061,6.28318519966226
10-03-11,5.2363296,101.4974904,4.48549617762543,6.28318469194154
10-03-11,5.2363296,101.4974904,4.48549617762543,6.28318469194154
10-03-11,5.2363296,101.4974904,4.48549617762543,6.28318469194154
10-03-16,5.2363296,101.4974904,4.73420559603462,6.28318477705943
10-03-16,5.2363296,101.4974904,4.73420559603462,6.28318477705943
10-03-16,5.2363296,101.4974904,4.73420559603462,6.28318477705943
10-03-31,5.2363296,101.4974904,4.88692190558412,6.28318482932479
10-03-31,5.2363296,101.4974904,4.88692190558412,6.28318482932479
10-03-31,5.2363296,101.4974904,4.88692190558412,6.28318482932479
10-03-05,5.375313,101.4193724,5.15308461651326,6.28318492041586
10-03-05,5.375313,101.4193724,5.15308461651326,6.28318492041586
10-03-06,5.375313,101.4193724,1.96349540849362,6.28318382881632
10-03-06,5.375313,101.4193724,1.96349540849362,6.28318382881632
10-03-29,5.375313,101.4193724,1.76714586764426,6.28318376161799
10-03-29,5.375313,101.4193724,1.76714586764426,6.28318376161799
9-10-20,5.3223476,101.4066982,0.0479965544298441,6.28318317325933
9-10-20,5.3223476,101.4066982,0.0479965544298441,6.28318317325933
9-10-20,5.3223476,101.4066982,0.0479965544298441,6.28318317325933
9-10-23,5.3223476,101.4066982,5.20544449407309,6.28318493833543
9-10-23,5.3223476,101.4066982,5.20544449407309,6.28318493833543
9-10-23,5.3223476,101.4066982,5.20544449407309,6.28318493833543
9-10-28,5.3223476,101.4066982,1.1388273369263,6.28318354658337
9-10-28,5.3223476,101.4066982,1.1388273369263,6.28318354658337
9-10-28,5.3223476,101.4066982,1.1388273369263,6.28318354658337
9-11-30,5.3223476,101.4066982,6.15228561328001,6.2831852623807
9-11-30,5.3223476,101.4066982,6.15228561328001,6.2831852623807
9-11-30,5.3223476,101.4066982,6.15228561328001,6.2831852623807
10-01-16,5.3223476,101.4066982,5.75085988532132,6.28318512499745
10-01-16,5.3223476,101.4066982,5.75085988532132,6.28318512499745
10-01-16,5.3223476,101.4066982,5.75085988532132,6.28318512499745
10-04-12,5.3223476,101.4066982,1.16064395257623,6.28318355404981
10-04-12,5.3223476,101.4066982,1.16064395257623,6.28318355404981
10-04-12,5.3223476,101.4066982,1.16064395257623,6.28318355404981
10-04-15,5.3223476,101.4066982,1.77150919077424,6.28318376311129
10-04-15,5.3223476,101.4066982,1.77150919077424,6.28318376311129
10-04-15,5.3223476,101.4066982,1.77150919077424,6.28318376311129
10-05-10,5.3223476,101.4066982,1.15191730631626,6.28318355106321
10-05-10,5.3223476,101.4066982,1.15191730631626,6.28318355106321
10-05-10,5.3223476,101.4066982,1.15191730631626,6.28318355106321
10-05-16,5.3223476,101.4066982,6.23955207587973,6.28318529224662
10-05-16,5.3223476,101.4066982,6.23955207587973,6.28318529224662
10-05-16,5.3223476,101.4066982,6.23955207587973,6.28318529224662
10-01-13,5.2990099,101.4026353,6.12174235137011,6.28318525192763
10-01-13,5.2990099,101.4026353,6.12174235137011,6.28318525192763
10-05-14,5.2990099,101.4026353,0.0785398163397448,6.28318318371234
10-05-14,5.2990099,101.4026353,0.0785398163397448,6.28318318371234
10-01-26,5.2480016,101.4367833,0.270526034059121,6.28318324941737
10-01-26,5.2480016,101.4367833,0.270526034059121,6.28318324941737
10-02-22,5.2480016,101.4367833,0.859574656607207,6.28318345101237
10-02-22,5.2480016,101.4367833,0.859574656607207,6.28318345101237
10-03-06,5.2480016,101.4367833,0.471238898038469,6.28318331810901
10-03-06,5.2480016,101.4367833,0.471238898038469,6.28318331810901
10-05-13,5.2334133,101.4522898,1.1082840750164,6.28318353613025
9-11-25,5.2976302,101.4191332,5.541420375082,6.28318505331923
9-11-25,5.2976302,101.4191332,5.541420375082,6.28318505331923
9-11-25,5.2976302,101.4191332,5.541420375082,6.28318505331923
10-04-10,5.2976302,101.4191332,5.72904326967139,6.28318511753097
10-04-10,5.2976302,101.4191332,5.72904326967139,6.28318511753097
10-04-10,5.2976302,101.4191332,5.72904326967139,6.28318511753097
10-05-10,5.2976302,101.4191332,5.61123354516177,6.28318507721197
10-05-10,5.2976302,101.4191332,5.61123354516177,6.28318507721197
10-05-10,5.2976302,101.4191332,5.61123354516177,6.28318507721197
9-10-24,5.2925818,101.4993067,5.71595330028143,6.28318511305108
9-10-24,5.2925818,101.4993067,5.71595330028143,6.28318511305108
9-10-24,5.2925818,101.4993067,5.71595330028143,6.28318511305108
9-10-27,5.2925818,101.4993067,0.619591884457987,6.28318336888112
9-10-27,5.2925818,101.4993067,0.619591884457987,6.28318336888112
9-10-27,5.2925818,101.4993067,0.619591884457987,6.28318336888112
10-01-19,5.2925818,101.4993067,2.12057504117311,6.28318388257498
10-01-19,5.2925818,101.4993067,2.12057504117311,6.28318388257498
10-01-19,5.2925818,101.4993067,2.12057504117311,6.28318388257498
10-02-19,5.2925818,101.4993067,6.25700536839967,6.28318529821981
10-02-19,5.2925818,101.4993067,6.25700536839967,6.28318529821981
10-02-19,5.2925818,101.4993067,6.25700536839967,6.28318529821981
10-03-07,5.2925818,101.4993067,5.82067305540109,6.28318514889019
10-03-07,5.2925818,101.4993067,5.82067305540109,6.28318514889019
10-03-07,5.2925818,101.4993067,5.82067305540109,6.28318514889019
10-03-10,5.2925818,101.4993067,0.0436332312998582,6.28318317176598
10-03-10,5.2925818,101.4993067,0.0436332312998582,6.28318317176598
10-03-10,5.2925818,101.4993067,0.0436332312998582,6.28318317176598
10-04-11,5.2925818,101.4993067,2.16420827247297,6.28318389750795
10-04-11,5.2925818,101.4993067,2.16420827247297,6.28318389750795
10-04-11,5.2925818,101.4993067,2.16420827247297,6.28318389750795
10-03-18,5.3171843,101.4999589,1.55334303427495,6.28318368844648
10-03-18,5.3171843,101.4999589,1.55334303427495,6.28318368844648
11-03-04,5.80277974,101.5148758,6.15664893641,6.283185263874
11-03-05,5.80277974,101.5148758,3.41211868764891,6.28318432459067
11-01-16,5.80277974,101.5148758,0.868301302867179,6.28318345399896
11-03-17,5.79537559,101.5190133,5.57632696012188,6.2831850652656
11-02-16,5.79537559,101.5190133,0.248709418409192,6.2831832419509
11-02-13,5.79537559,101.5190133,1.2610003845659,6.28318358839562
11-02-11,5.79537559,101.5190133,5.51524043630208,6.28318504435945
11-02-09,5.79537559,101.5190133,5.85994296357096,6.28318516232985
11-02-09,5.79537559,101.5190133,1.05156087432658,6.2831835167174
11-02-02,5.79537559,101.5190133,0.802851455917392,6.28318343159952
11-01-19,5.79537559,101.5190133,5.64614013020166,6.28318508915834
11-03-11,5.79537559,101.5190133,1.33081355464568,6.28318361228837
11-01-12,5.79537559,101.5190133,6.02138591938044,6.28318521758181
10-10-11,5.80095274,101.548128,5.49778714378214,6.28318503838627
10-10-12,5.80095274,101.548128,5.29707427980279,6.28318496969465
10-10-12,5.80095274,101.548128,5.94284610304069,6.28318519070248
10-10-23,5.80095274,101.548128,5.41488400431241,6.28318501001364
10-09-29,5.80095274,101.548128,6.23518875274974,6.28318529075333
10-12-27,5.80438773,101.5659262,5.69850000776149,6.28318510707789
10-10-25,5.8011332,101.5646072,1.62751952748471,6.28318371383255
10-10-10,5.80177869,101.575676,4.54221937831524,6.28318471135441
10-10-06,5.80801089,101.5979368,2.51327412287183,6.28318401697168
10-10-18,5.80801089,101.5979368,0.148352986419518,6.28318320760514
10-10-13,5.80801089,101.5979368,5.33198086484268,6.28318498164102
10-10-13,5.80801089,101.5979368,1.77587251390423,6.28318376460462
10-10-10,5.80801089,101.5979368,0.283616003449079,6.28318325389733
11-03-15,5.7988177,101.5943387,5.28834763354282,6.28318496670805
11-03-16,5.7988177,101.5943387,6.25700536839967,6.28318529821981
11-02-24,5.7988177,101.5943387,1.25227373830593,6.28318358540903
11-02-22,5.7988177,101.5943387,4.91746516749402,6.28318483977787
11-02-15,5.7988177,101.5943387,6.00829594999048,6.28318521310192
11-01-10,5.7988177,101.5943387,1.75841922138429,6.28318375863139
11-02-15,5.79247897,101.4876399,2.2776546738526,6.28318393633365
11-01-21,5.79105178,101.5298007,5.90793951800081,6.28318517875611
11-02-27,5.79105178,101.5298007,6.05629250442032,6.28318522952818
11-02-27,5.79105178,101.5298007,1.42244334037538,6.28318364364759
11-02-27,5.79105178,101.5298007,0.53232542185827,6.28318333901516
11-02-25,5.79105178,101.5298007,5.65050345333164,6.28318509065163
11-02-22,5.79105178,101.5298007,0.837758040957278,6.28318344354589
11-02-22,5.79105178,101.5298007,0.423242343608625,6.28318330168275
11-02-15,5.79105178,101.5298007,0.231256125889249,6.28318323597771
11-02-13,5.79105178,101.5298007,1.72787595947439,6.28318374817832
11-02-09,5.79105178,101.5298007,5.68104671524154,6.28318510110471
11-02-09,5.79105178,101.5298007,1.77587251390423,6.28318376460458
11-02-02,5.79105178,101.5298007,6.09992573572018,6.28318524446114
11-01-20,5.79105178,101.5298007,5.6635934227216,6.28318509513152
11-01-12,5.79105178,101.5298007,1.05156087432658,6.2831835167174
11-02-06,5.79105178,101.5298007,5.67668339211156,6.28318509961141
10-10-12,5.79327701,101.5928502,5.64614013020166,6.28318508915834
11-01-20,5.76729915,101.4656411,5.70722665402146,6.28318511006448
10-10-20,5.75864198,101.4760143,1.89804556154383,6.28318380641691
10-11-19,5.76072958,101.4918439,0.445058959258554,6.28318330914926
10-11-05,5.77178145,101.5019622,5.22289778659303,6.28318494430861
10-11-13,5.77178145,101.5019622,5.78140314723122,6.28318513545052
11-01-09,5.76675667,101.497394,0.79412480965742,6.28318342861292
11-01-12,5.76675667,101.497394,1.00356431989674,6.28318350029114
11-02-06,5.76675667,101.497394,5.31452757232273,6.28318497566782
11-02-26,5.76675667,101.497394,0.549778714378214,6.28318334498834
11-03-08,5.76675667,101.497394,5.19235452468313,6.28318493385553
11-03-16,5.76675667,101.497394,6.08683576633022,6.28318523998126
11-03-13,5.76831696,101.5192497,0.261799387799149,6.28318324643079
11-01-12,5.76831696,101.5192497,5.15308461651326,6.28318492041586
10-10-08,5.75984923,101.5169345,1.50098315671512,6.28318367052696
10-10-15,5.76851653,101.5437676,5.58069028325187,6.2831850667589
11-02-15,5.7599618,101.5487622,1.88495559215388,6.28318380193698
10-10-04,5.76835325,101.5574178,5.72031662341142,6.28318511454438
11-02-10,5.76372326,101.5635304,0.772308194007491,6.28318342114644
11-02-21,5.76372326,101.5635304,5.49342382065215,6.28318503689297
10-10-14,5.76559502,101.573272,5.21853446346304,6.28318494281532
10-10-15,5.76849357,101.5983534,1.99403867040352,6.28318383926943
10-11-21,5.76849357,101.5983534,1.33517687777566,6.28318361378169
11-02-19,5.75825088,101.5906515,0.335975881008908,6.28318327181682
11-01-13,5.75825088,101.5906515,5.94720942617068,6.28318519219578
11-02-08,5.74718962,101.4679643,2.09875842552318,6.2831838751085
10-10-21,5.74929616,101.4927325,0.946841119206924,6.28318348087834
11-03-04,5.74591406,101.4914195,5.56323699073193,6.28318506078571
10-12-28,5.75279468,101.5049839,0.571595330028143,6.28318335245482
10-12-07,5.75279468,101.5049839,0.200712863979348,6.28318322552466
10-11-06,5.75279468,101.5049839,5.94284610304069,6.28318519070248
10-11-03,5.75279468,101.5049839,0.414515697348653,6.2831832986962
10-10-13,5.75279468,101.5049839,5.79012979349119,6.28318513843712
11-01-21,5.75190612,101.5089666,0.475602221168455,6.2831833196023
11-01-18,5.75642388,101.515547,5.96902604182061,6.28318519966226
10-11-19,5.74402294,101.5271506,6.03447588877039,6.2831852220617
10-11-07,5.74402294,101.5271506,0.375245789178781,6.28318328525653
10-12-03,5.74402294,101.5271506,0.248709418409192,6.28318324195092
10-10-27,5.75510323,101.536483,4.76474885794452,6.28318478751251
10-11-25,5.75510323,101.536483,5.95157274930066,6.28318519368907
10-12-16,5.75334428,101.5849648,5.19671784781312,6.28318493534883
10-12-27,5.75482302,101.5929743,6.1871921983199,6.28318527432707
11-01-16,5.75482302,101.5929743,1.67987940504454,6.28318373175206
11-02-18,5.75482302,101.5929743,6.27009533778963,6.2831853026997
10-12-22,5.74872217,101.5948421,5.27525766415286,6.28318496222816
10-11-07,5.74872217,101.5948421,0.815941425307349,6.28318343607945
10-12-12,5.74872217,101.5948421,6.06065582755031,6.28318523102148
10-12-12,5.74872217,101.5948421,6.25700536839967,6.28318529821981
10-11-26,5.73074868,101.4562666,0.671951762017817,6.28318338680066
10-11-26,5.73074868,101.4562666,5.44106394309232,6.28318501897342
10-11-27,5.73074868,101.4562666,0.781034840267462,6.28318342413306
10-11-28,5.73074868,101.4562666,0.632681853847944,6.28318337336099
10-11-30,5.73074868,101.4562666,5.41488400431241,6.28318501001364
10-12-01,5.73074868,101.4562666,0.789761486527434,6.28318342711965
10-12-02,5.73074868,101.4562666,5.35816080362259,6.28318499060079
10-12-15,5.73074868,101.4562666,0.100356431989674,6.28318319117883
10-12-15,5.73074868,101.4562666,1.57952297305487,6.28318369740626
10-12-17,5.73074868,101.4562666,5.75085988532132,6.28318512499745
10-11-20,5.73074868,101.4562666,5.24471440224296,6.28318495177509
10-12-18,5.73074868,101.4562666,6.27445866091961,6.28318530419299
10-12-21,5.73074868,101.4562666,5.30143760293278,6.28318497118793
10-12-21,5.73074868,101.4562666,6.24391539900971,6.28318529373992
10-12-22,5.73074868,101.4562666,0.807214779047377,6.28318343309282
10-12-22,5.73074868,101.4562666,5.16617458590322,6.28318492489575
10-12-22,5.73074868,101.4562666,5.69850000776149,6.28318510707789
10-12-10,5.73074868,101.4562666,1.22609379952602,6.28318357644926
10-12-17,5.73074868,101.4562666,0.964294411726867,6.28318348685149
10-10-20,5.73074868,101.4562666,6.10428905885017,6.28318524595444
10-12-23,5.73074868,101.4562666,5.91230284113079,6.28318518024941
10-12-03,5.73074868,101.4562666,5.95157274930066,6.28318519368907
10-12-04,5.73074868,101.4562666,0.863937979737193,6.28318345250568
10-12-04,5.73074868,101.4562666,5.74213323906134,6.28318512201086
10-12-11,5.73074868,101.4562666,5.82939970166106,6.28318515187678
10-12-05,5.73074868,101.4562666,0.815941425307349,6.28318343607942
10-12-10,5.73074868,101.4562666,0.0349065850398866,6.2831831687794
10-11-23,5.73074868,101.4562666,0.567232006898157,6.28318335096155
10-10-18,5.73074868,101.4562666,5.81194640914112,6.2831851459036
10-11-23,5.73074868,101.4562666,5.82067305540109,6.28318514889019
10-10-25,5.73074868,101.4562666,5.32761754171269,6.28318498014772
10-10-27,5.73074868,101.4562666,5.51524043630208,6.28318504435946
10-11-07,5.73074868,101.4562666,0.126536370769589,6.28318320013865
10-11-10,5.73074868,101.4562666,0.776671517137477,6.28318342263978
10-11-10,5.73074868,101.4562666,1.43989663289532,6.2831836496208
10-11-20,5.73074868,101.4562666,0.907571211037051,6.28318346743866
10-12-23,5.73074868,101.4562666,1.78896248329419,6.28318376908447
10-11-21,5.73074868,101.4562666,5.72031662341142,6.28318511454438
10-10-18,5.73074868,101.4562666,1.2915436464758,6.28318359884874
10-12-26,5.73074868,101.4562666,0.10471975511966,6.28318319267212
11-01-09,5.73074868,101.4562666,6.23955207587973,6.28318529224662
11-01-02,5.73074868,101.4562666,0.759218224617533,6.28318341666655
10-12-24,5.73074868,101.4562666,5.35816080362259,6.28318499060079
10-12-26,5.73074868,101.4562666,0.567232006898157,6.28318335096152
10-12-25,5.73074868,101.4562666,5.85121631731099,6.28318515934326
10-12-25,5.73074868,101.4562666,5.52833040569204,6.28318504883934
10-12-25,5.73074868,101.4562666,1.04283422806661,6.28318351373081
10-12-25,5.73074868,101.4562666,0.362155819788823,6.2831832807766
10-12-24,5.73074868,101.4562666,6.00393262686049,6.28318521160863
10-12-23,5.73074868,101.4562666,0.205076187109334,6.28318322701794
10-12-26,5.73074868,101.4562666,1.71478599008443,6.28318374369843
11-02-08,5.72605993,101.4796272,1.95476876223365,6.28318382582972
11-02-05,5.73562486,101.5082547,1.19555053761612,6.28318356599618
11-02-15,5.73681282,101.5258207,5.25344104850293,6.28318495476168
11-02-25,5.73681282,101.5258207,5.99084265747054,6.28318520712874
11-03-20,5.73473034,101.5382178,0.514872129338327,6.28318333304197
10-11-09,5.72792281,101.5385737,5.27962098728285,6.28318496372146
10-11-12,5.73067744,101.5521608,0.750491578357562,6.28318341368
10-12-11,5.73067744,101.5521608,6.19591884457987,6.28318527731366
10-10-17,5.73067744,101.5521608,5.11381470834339,6.28318490697621
10-11-03,5.7281145,101.5952621,1.44425995602531,6.2831836511141
11-01-09,5.71688803,101.5038507,5.50651379004211,6.28318504137286
11-04-12,5.71245602,101.5124635,5.7857664703612,6.28318513694382
11-03-07,5.71762246,101.5516885,1.20864050700607,6.28318357047607
11-02-11,5.71762246,101.5516885,2.12057504117311,6.28318388257498
11-02-20,5.71762246,101.5516885,1.93731546971371,6.28318381985654
11-01-19,5.71762246,101.5516885,1.94604211597368,6.28318382284313
10-12-04,5.71911209,101.5631041,0.541052068118242,6.28318334200176
10-12-04,5.71911209,101.5631041,0.802851455917392,6.28318343159954
11-04-10,5.71756043,101.5739202,1.7540558982543,6.2831837571381
10-10-24,5.7213581,101.5962365,1.96785873162361,6.28318383030965
10-11-23,5.7213581,101.5962365,5.21853446346304,6.28318494281531
11-04-14,5.71117602,101.5991132,6.1871921983199,6.28318527432707
10-10-28,5.69700038,101.4879955,1.61879288122474,6.28318371084595
11-04-13,5.6990376,101.490927,1.71478599008443,6.28318374369843
10-10-30,5.68629358,101.5410979,3.95317075576716,6.28318450975942
10-11-27,5.69731847,101.5592375,4.0622538340168,6.28318454709181
11-02-15,5.69674406,101.5635753,5.22289778659303,6.2831849443086
11-02-12,5.70033461,101.5967605,1.85877565337396,6.28318379297721
11-01-19,5.67424896,101.5783906,0.20943951023932,6.28318322851123
11-02-19,5.68436072,101.5946832,1.47043989480522,6.28318366007384
10-11-21,5.83367879,101.5044575,6.05629250442032,6.28318522952818
10-11-21,5.83367879,101.5044575,6.05629250442032,6.28318522952818
10-11-21,5.83367879,101.5044575,6.05629250442032,6.28318522952818
10-12-19,5.8354229,101.5525387,4.01425727958696,6.28318453066555
11-02-27,5.8354229,101.5525387,1.22609379952602,6.28318357644926
10-12-12,5.8354229,101.5525387,1.1693705988362,6.28318355703641
10-11-23,5.8354229,101.5525387,6.17846555205993,6.28318527134048
10-10-27,5.8354229,101.5525387,0.418879020478639,6.2831833001895
10-11-14,5.8354229,101.5525387,4.32405322181595,6.28318463668959
10-12-19,5.8354229,101.5525387,4.01425727958696,6.28318453066555
11-02-27,5.8354229,101.5525387,1.22609379952602,6.28318357644926
10-12-12,5.8354229,101.5525387,1.1693705988362,6.28318355703641
10-11-23,5.8354229,101.5525387,6.17846555205993,6.28318527134048
10-10-27,5.8354229,101.5525387,0.418879020478639,6.2831833001895
10-11-14,5.8354229,101.5525387,4.32405322181595,6.28318463668959
10-12-19,5.8354229,101.5525387,4.01425727958696,6.28318453066555
11-02-27,5.8354229,101.5525387,1.22609379952602,6.28318357644926
10-12-12,5.8354229,101.5525387,1.1693705988362,6.28318355703641
10-11-23,5.8354229,101.5525387,6.17846555205993,6.28318527134048
10-10-27,5.8354229,101.5525387,0.418879020478639,6.2831833001895
10-11-14,5.8354229,101.5525387,4.32405322181595,6.28318463668959
11-02-03,5.83181818,101.5740774,0.357792496658838,6.2831832792833
10-11-29,5.83181818,101.5740774,4.97418836818384,6.28318485919072
11-01-08,5.83181818,101.5740774,4.66875574908483,6.28318475465998
10-12-06,5.83181818,101.5740774,1.78896248329419,6.28318376908448
10-12-11,5.83181818,101.5740774,1.65806278939461,6.28318372428559
11-02-03,5.83181818,101.5740774,0.357792496658838,6.2831832792833
10-11-29,5.83181818,101.5740774,4.97418836818384,6.28318485919072
11-01-08,5.83181818,101.5740774,4.66875574908483,6.28318475465998
10-12-06,5.83181818,101.5740774,1.78896248329419,6.28318376908448
10-12-11,5.83181818,101.5740774,1.65806278939461,6.28318372428559
11-02-03,5.83181818,101.5740774,0.357792496658838,6.2831832792833
10-11-29,5.83181818,101.5740774,4.97418836818384,6.28318485919072
11-01-08,5.83181818,101.5740774,4.66875574908483,6.28318475465998
10-12-06,5.83181818,101.5740774,1.78896248329419,6.28318376908448
10-12-11,5.83181818,101.5740774,1.65806278939461,6.28318372428559
10-12-28,5.82165252,101.4208421,0.95120444233691,6.28318348237159
10-12-28,5.82165252,101.4208421,0.95120444233691,6.28318348237159
10-12-28,5.82165252,101.4208421,0.95120444233691,6.28318348237159
11-03-04,5.82124197,101.555837,0.602138591938044,6.2831833629079
10-10-20,5.82124197,101.555837,6.20028216770986,6.28318527880696
11-03-04,5.82124197,101.555837,0.602138591938044,6.2831833629079
10-10-20,5.82124197,101.555837,6.20028216770986,6.28318527880696
11-03-04,5.82124197,101.555837,0.602138591938044,6.2831833629079
10-10-20,5.82124197,101.555837,6.20028216770986,6.28318527880696
11-03-04,5.82124197,101.555837,0.602138591938044,6.2831833629079
10-10-20,5.82124197,101.555837,6.20028216770986,6.28318527880696
11-03-04,5.82124197,101.555837,0.602138591938044,6.2831833629079
10-10-20,5.82124197,101.555837,6.20028216770986,6.28318527880696
10-09-30,5.80038151,101.4928892,5.6330501608117,6.28318508467845
10-10-12,5.80038151,101.4928892,5.24035107911297,6.2831849502818
10-09-30,5.80038151,101.4928892,5.6330501608117,6.28318508467845
10-10-12,5.80038151,101.4928892,5.24035107911297,6.2831849502818
10-09-02,5.77990352,101.466649,5.58505360638185,6.28318506825219
10-09-13,5.77990352,101.466649,5.80758308601113,6.2831851444103
10-09-16,5.77990352,101.466649,1.44862327915529,6.2831836526074
11-01-16,5.77990352,101.466649,5.38434074240251,6.28318499956056
10-09-02,5.77990352,101.466649,5.58505360638185,6.28318506825219
10-09-13,5.77990352,101.466649,5.80758308601113,6.2831851444103
10-09-16,5.77990352,101.466649,1.44862327915529,6.2831836526074
11-01-16,5.77990352,101.466649,5.38434074240251,6.28318499956056
10-09-02,5.77990352,101.466649,5.58505360638185,6.28318506825219
10-09-13,5.77990352,101.466649,5.80758308601113,6.2831851444103
10-09-16,5.77990352,101.466649,1.44862327915529,6.2831836526074
11-01-16,5.77990352,101.466649,5.38434074240251,6.28318499956056
10-09-18,5.78509954,101.5051743,0.955567765466895,6.28318348386493
10-09-18,5.78509954,101.5051743,0.955567765466895,6.28318348386493
10-09-18,5.78509954,101.5051743,0.955567765466895,6.28318348386493
10-09-22,5.79226959,101.5613554,1.77150919077424,6.28318376311132
10-08-27,5.79226959,101.5613554,0.15707963267949,6.28318321059171
10-09-22,5.79226959,101.5613554,1.77150919077424,6.28318376311132
10-08-27,5.79226959,101.5613554,0.15707963267949,6.28318321059171
10-09-22,5.79226959,101.5613554,1.77150919077424,6.28318376311132
10-08-27,5.79226959,101.5613554,0.15707963267949,6.28318321059171
10-11-20,5.78438951,101.6038493,0.200712863979348,6.28318322552467
10-11-20,5.78438951,101.6038493,0.200712863979348,6.28318322552467
10-11-20,5.78438951,101.6038493,0.200712863979348,6.28318322552467
10-10-19,5.76501801,101.5816904,5.53269372882202,6.28318505033264
11-02-20,5.76501801,101.5816904,5.67232006898157,6.28318509811811
11-03-05,5.76501801,101.5816904,1.21300383013606,6.28318357196937
10-10-19,5.76501801,101.5816904,5.53269372882202,6.28318505033264
11-02-20,5.76501801,101.5816904,5.67232006898157,6.28318509811811
11-03-05,5.76501801,101.5816904,1.21300383013606,6.28318357196937
10-10-30,5.76404638,101.6176125,6.14792229015003,6.2831852608874
11-01-12,5.76404638,101.6176125,2.08130513300324,6.28318386913531
10-10-20,5.76404638,101.6176125,1.76714586764426,6.28318376161803
10-10-15,5.76404638,101.6176125,6.25264204526969,6.28318529672651
10-10-12,5.76404638,101.6176125,6.14792229015003,6.2831852608874
10-10-18,5.76404638,101.6176125,6.20028216770986,6.28318527880696
11-03-17,5.76404638,101.6176125,5.93411945678072,6.28318518771589
10-10-24,5.76404638,101.6176125,1.97222205475359,6.28318383180295
10-10-30,5.76404638,101.6176125,6.14792229015003,6.2831852608874
11-01-12,5.76404638,101.6176125,2.08130513300324,6.28318386913531
10-10-20,5.76404638,101.6176125,1.76714586764426,6.28318376161803
10-10-15,5.76404638,101.6176125,6.25264204526969,6.28318529672651
10-10-12,5.76404638,101.6176125,6.14792229015003,6.2831852608874
10-10-18,5.76404638,101.6176125,6.20028216770986,6.28318527880696
11-03-17,5.76404638,101.6176125,5.93411945678072,6.28318518771589
10-10-24,5.76404638,101.6176125,1.97222205475359,6.28318383180295
10-10-30,5.76404638,101.6176125,6.14792229015003,6.2831852608874
11-01-12,5.76404638,101.6176125,2.08130513300324,6.28318386913531
10-10-20,5.76404638,101.6176125,1.76714586764426,6.28318376161803
10-10-15,5.76404638,101.6176125,6.25264204526969,6.28318529672651
10-10-12,5.76404638,101.6176125,6.14792229015003,6.2831852608874
10-10-18,5.76404638,101.6176125,6.20028216770986,6.28318527880696
11-03-17,5.76404638,101.6176125,5.93411945678072,6.28318518771589
10-10-24,5.76404638,101.6176125,1.97222205475359,6.28318383180295
10-10-10,5.75738813,101.4317233,5.89921287174083,6.28318517576952
10-10-26,5.75738813,101.4317233,0.593411945678072,6.28318335992135
10-08-30,5.75738813,101.4317233,1.97658537788358,6.28318383329623
10-11-26,5.75738813,101.4317233,1.46607657167524,6.28318365858057
10-10-10,5.75738813,101.4317233,5.89921287174083,6.28318517576952
10-10-26,5.75738813,101.4317233,0.593411945678072,6.28318335992135
10-08-30,5.75738813,101.4317233,1.97658537788358,6.28318383329623
10-11-26,5.75738813,101.4317233,1.46607657167524,6.28318365858057
10-10-10,5.75738813,101.4317233,5.89921287174083,6.28318517576952
10-10-26,5.75738813,101.4317233,0.593411945678072,6.28318335992135
10-08-30,5.75738813,101.4317233,1.97658537788358,6.28318383329623
10-11-26,5.75738813,101.4317233,1.46607657167524,6.28318365858057
11-01-16,5.7493208,101.4826977,5.56760031386191,6.283185062279
11-03-16,5.7493208,101.4826977,0.117809724509617,6.28318319715202
11-02-07,5.7493208,101.4826977,5.30580092606276,6.28318497268123
10-09-13,5.7493208,101.4826977,0.724311639577647,6.28318340472023
11-01-16,5.7493208,101.4826977,5.56760031386191,6.283185062279
11-03-16,5.7493208,101.4826977,0.117809724509617,6.28318319715202
11-02-07,5.7493208,101.4826977,5.30580092606276,6.28318497268123
10-09-13,5.7493208,101.4826977,0.724311639577647,6.28318340472023
11-01-16,5.7493208,101.4826977,5.56760031386191,6.283185062279
11-03-16,5.7493208,101.4826977,0.117809724509617,6.28318319715202
11-02-07,5.7493208,101.4826977,5.30580092606276,6.28318497268123
10-09-13,5.7493208,101.4826977,0.724311639577647,6.28318340472023
11-03-12,5.74399402,101.5159516,0.641408500107916,6.28318337634756
11-01-22,5.74399402,101.5159516,5.76831317784126,6.28318513097063
10-11-20,5.74399402,101.5159516,1.54461638801498,6.2831836854599
10-11-06,5.74399402,101.5159516,6.26136869152966,6.28318529971311
10-09-23,5.74399402,101.5159516,6.11737902824013,6.28318525043433
11-03-01,5.74399402,101.5159516,1.99403867040352,6.28318383926939
11-02-18,5.74399402,101.5159516,0.754854901487548,6.28318341517326
10-10-16,5.74399402,101.5159516,5.61123354516177,6.28318507721197
10-08-23,5.74399402,101.5159516,0.445058959258554,6.28318330914926
11-03-05,5.74399402,101.5159516,6.08247244320024,6.28318523848796
11-03-12,5.74399402,101.5159516,0.641408500107916,6.28318337634756
11-01-22,5.74399402,101.5159516,5.76831317784126,6.28318513097063
10-11-20,5.74399402,101.5159516,1.54461638801498,6.2831836854599
10-11-06,5.74399402,101.5159516,6.26136869152966,6.28318529971311
10-09-23,5.74399402,101.5159516,6.11737902824013,6.28318525043433
11-03-01,5.74399402,101.5159516,1.99403867040352,6.28318383926939
11-02-18,5.74399402,101.5159516,0.754854901487548,6.28318341517326
10-10-16,5.74399402,101.5159516,5.61123354516177,6.28318507721197
10-08-23,5.74399402,101.5159516,0.445058959258554,6.28318330914926
11-03-05,5.74399402,101.5159516,6.08247244320024,6.28318523848796
11-03-12,5.74399402,101.5159516,0.641408500107916,6.28318337634756
11-01-22,5.74399402,101.5159516,5.76831317784126,6.28318513097063
10-11-20,5.74399402,101.5159516,1.54461638801498,6.2831836854599
10-11-06,5.74399402,101.5159516,6.26136869152966,6.28318529971311
10-09-23,5.74399402,101.5159516,6.11737902824013,6.28318525043433
11-03-01,5.74399402,101.5159516,1.99403867040352,6.28318383926939
11-02-18,5.74399402,101.5159516,0.754854901487548,6.28318341517326
10-10-16,5.74399402,101.5159516,5.61123354516177,6.28318507721197
10-08-23,5.74399402,101.5159516,0.445058959258554,6.28318330914926
11-03-05,5.74399402,101.5159516,6.08247244320024,6.28318523848796
10-10-07,5.75242764,101.5441191,5.33634418797266,6.28318498313431
10-10-07,5.75242764,101.5441191,5.33634418797266,6.28318498313431
10-10-07,5.75242764,101.5441191,5.33634418797266,6.28318498313431
11-04-11,5.72811082,101.4164284,0.0436332312998582,6.28318317176598
11-04-13,5.72811082,101.4164284,0.375245789178781,6.28318328525649
11-04-11,5.72811082,101.4164284,0.0436332312998582,6.28318317176598
11-04-13,5.72811082,101.4164284,0.375245789178781,6.28318328525649
10-09-04,5.72713432,101.4576553,6.00393262686049,6.28318521160863
11-02-06,5.72713432,101.4576553,5.52833040569204,6.28318504883934
11-03-30,5.72713432,101.4576553,1.06028752058656,6.283183519704
11-03-02,5.72713432,101.4576553,0.0785398163397448,6.28318318371235
11-02-19,5.72713432,101.4576553,5.54578369821198,6.28318505481252
10-08-22,5.72713432,101.4576553,1.27845367708585,6.28318359436883
11-02-15,5.72713432,101.4576553,0.877027949127151,6.28318345698555
11-02-08,5.72713432,101.4576553,5.54578369821198,6.28318505481252
11-04-08,5.72713432,101.4576553,1.230457122656,6.28318357794255
11-01-02,5.72713432,101.4576553,0.562868683768171,6.28318334946822
10-11-27,5.72713432,101.4576553,0.863937979737193,6.28318345250569
10-09-15,5.72713432,101.4576553,0.0218166156499291,6.28318316429955
10-08-30,5.72713432,101.4576553,0.174532925199433,6.2831832165649
10-08-25,5.72713432,101.4576553,0.623955207587973,6.28318337037441
10-11-26,5.72713432,101.4576553,5.49342382065215,6.28318503689297
11-01-19,5.72713432,101.4576553,0.322885911618951,6.28318326733693
10-09-04,5.72713432,101.4576553,6.00393262686049,6.28318521160863
11-02-06,5.72713432,101.4576553,5.52833040569204,6.28318504883934
11-03-30,5.72713432,101.4576553,1.06028752058656,6.283183519704
11-03-02,5.72713432,101.4576553,0.0785398163397448,6.28318318371235
11-02-19,5.72713432,101.4576553,5.54578369821198,6.28318505481252
10-08-22,5.72713432,101.4576553,1.27845367708585,6.28318359436883
11-02-15,5.72713432,101.4576553,0.877027949127151,6.28318345698555
11-02-08,5.72713432,101.4576553,5.54578369821198,6.28318505481252
11-04-08,5.72713432,101.4576553,1.230457122656,6.28318357794255
11-01-02,5.72713432,101.4576553,0.562868683768171,6.28318334946822
10-11-27,5.72713432,101.4576553,0.863937979737193,6.28318345250569
10-09-15,5.72713432,101.4576553,0.0218166156499291,6.28318316429955
10-08-30,5.72713432,101.4576553,0.174532925199433,6.2831832165649
10-08-25,5.72713432,101.4576553,0.623955207587973,6.28318337037441
10-11-26,5.72713432,101.4576553,5.49342382065215,6.28318503689297
11-01-19,5.72713432,101.4576553,0.322885911618951,6.28318326733693
10-09-04,5.72713432,101.4576553,6.00393262686049,6.28318521160863
11-02-06,5.72713432,101.4576553,5.52833040569204,6.28318504883934
11-03-30,5.72713432,101.4576553,1.06028752058656,6.283183519704
11-03-02,5.72713432,101.4576553,0.0785398163397448,6.28318318371235
11-02-19,5.72713432,101.4576553,5.54578369821198,6.28318505481252
10-08-22,5.72713432,101.4576553,1.27845367708585,6.28318359436883
11-02-15,5.72713432,101.4576553,0.877027949127151,6.28318345698555
11-02-08,5.72713432,101.4576553,5.54578369821198,6.28318505481252
11-04-08,5.72713432,101.4576553,1.230457122656,6.28318357794255
11-01-02,5.72713432,101.4576553,0.562868683768171,6.28318334946822
10-11-27,5.72713432,101.4576553,0.863937979737193,6.28318345250569
10-09-15,5.72713432,101.4576553,0.0218166156499291,6.28318316429955
10-08-30,5.72713432,101.4576553,0.174532925199433,6.2831832165649
10-08-25,5.72713432,101.4576553,0.623955207587973,6.28318337037441
10-11-26,5.72713432,101.4576553,5.49342382065215,6.28318503689297
11-01-19,5.72713432,101.4576553,0.322885911618951,6.28318326733693
10-11-15,5.72710708,101.5803619,5.38870406553249,6.28318500105386
10-11-01,5.72710708,101.5803619,4.95237175253391,6.28318485172425
11-03-08,5.72710708,101.5803619,5.35379748049261,6.28318498910749
10-10-31,5.72710708,101.5803619,1.44425995602531,6.28318365111411
10-11-01,5.72710708,101.5803619,5.8163097322711,6.28318514739689
10-11-15,5.72710708,101.5803619,5.38870406553249,6.28318500105386
10-11-01,5.72710708,101.5803619,4.95237175253391,6.28318485172425
11-03-08,5.72710708,101.5803619,5.35379748049261,6.28318498910749
10-10-31,5.72710708,101.5803619,1.44425995602531,6.28318365111411
10-11-01,5.72710708,101.5803619,5.8163097322711,6.28318514739689
10-11-15,5.72710708,101.5803619,5.38870406553249,6.28318500105386
10-11-01,5.72710708,101.5803619,4.95237175253391,6.28318485172425
11-03-08,5.72710708,101.5803619,5.35379748049261,6.28318498910749
10-10-31,5.72710708,101.5803619,1.44425995602531,6.28318365111411
10-11-01,5.72710708,101.5803619,5.8163097322711,6.28318514739689
10-09-28,5.71391053,101.6134423,0.506145483078355,6.28318333005543
10-09-28,5.71391053,101.6134423,4.926191813754,6.28318484276447
10-10-13,5.71391053,101.6134423,0.536688744988256,6.28318334050851
10-08-22,5.71391053,101.6134423,0.615228561328001,6.28318336738781
10-09-28,5.71391053,101.6134423,0.506145483078355,6.28318333005543
10-09-28,5.71391053,101.6134423,4.926191813754,6.28318484276447
10-10-13,5.71391053,101.6134423,0.536688744988256,6.28318334050851
10-08-22,5.71391053,101.6134423,0.615228561328001,6.28318336738781
10-09-28,5.71391053,101.6134423,0.506145483078355,6.28318333005543
10-09-28,5.71391053,101.6134423,4.926191813754,6.28318484276447
10-10-13,5.71391053,101.6134423,0.536688744988256,6.28318334050851
10-08-22,5.71391053,101.6134423,0.615228561328001,6.28318336738781
11-02-06,5.69999054,101.5470401,0.986111027376796,6.28318349431796
10-08-25,5.69999054,101.5470401,1.11701072127637,6.28318353911688
10-11-27,5.69999054,101.5470401,5.18362787842316,6.28318493086894
10-09-05,5.69999054,101.5470401,1.63624617374468,6.28318371681913
10-10-30,5.69999054,101.5470401,1.16500727570622,6.28318355554315
11-02-06,5.69999054,101.5470401,0.986111027376796,6.28318349431796
10-08-25,5.69999054,101.5470401,1.11701072127637,6.28318353911688
10-11-27,5.69999054,101.5470401,5.18362787842316,6.28318493086894
10-09-05,5.69999054,101.5470401,1.63624617374468,6.28318371681913
10-10-30,5.69999054,101.5470401,1.16500727570622,6.28318355554315
11-02-06,5.69999054,101.5470401,0.986111027376796,6.28318349431796
10-08-25,5.69999054,101.5470401,1.11701072127637,6.28318353911688
10-11-27,5.69999054,101.5470401,5.18362787842316,6.28318493086894
10-09-05,5.69999054,101.5470401,1.63624617374468,6.28318371681913
10-10-30,5.69999054,101.5470401,1.16500727570622,6.28318355554315
10-08-20,5.6815734,101.6041874,0.401425727958696,6.2831832942163
10-08-20,5.6815734,101.6041874,5.50651379004211,6.28318504137286
10-10-02,5.6815734,101.6041874,4.90437519810407,6.28318483529799
10-10-04,5.6815734,101.6041874,5.1705379090332,6.28318492638906
10-10-04,5.6815734,101.6041874,5.76394985471127,6.28318512947734
10-08-20,5.6815734,101.6041874,0.401425727958696,6.2831832942163
10-08-20,5.6815734,101.6041874,5.50651379004211,6.28318504137286
10-10-02,5.6815734,101.6041874,4.90437519810407,6.28318483529799
10-10-04,5.6815734,101.6041874,5.1705379090332,6.28318492638906
10-10-04,5.6815734,101.6041874,5.76394985471127,6.28318512947734
11-04-06,5.65165445,101.4860035,1.74969257512432,6.28318375564481
11-04-06,5.65165445,101.4860035,1.74969257512432,6.28318375564481
11-04-06,5.65165445,101.4860035,1.74969257512432,6.28318375564481
11-04-02,5.65168948,101.5372295,0.34470252726888,6.28318327480342
11-01-18,5.66293121,101.5693969,0.510508806208341,6.28318333154867
10-11-07,5.66293121,101.5693969,0.122173047639603,6.28318319864535
10-11-09,5.66293121,101.5693969,5.18799120155314,6.28318493236224
11-01-18,5.66293121,101.5693969,0.510508806208341,6.28318333154867
10-11-07,5.66293121,101.5693969,0.122173047639603,6.28318319864535
10-11-09,5.66293121,101.5693969,5.18799120155314,6.28318493236224
11-01-18,5.66293121,101.5693969,0.510508806208341,6.28318333154867
10-11-07,5.66293121,101.5693969,0.122173047639603,6.28318319864535
10-11-09,5.66293121,101.5693969,5.18799120155314,6.28318493236224
11-01-18,5.66293121,101.5693969,0.510508806208341,6.28318333154867
10-11-07,5.66293121,101.5693969,0.122173047639603,6.28318319864535
10-11-09,5.66293121,101.5693969,5.18799120155314,6.28318493236224
11-01-18,5.66293121,101.5693969,0.510508806208341,6.28318333154867
10-11-07,5.66293121,101.5693969,0.122173047639603,6.28318319864535
10-11-09,5.66293121,101.5693969,5.18799120155314,6.28318493236224
